"uniprotkb_canonical_ac","xref_key","xref_id","gene_symbol","disease_aliases","mondo_disease_name","mondo_label","mondo_id","pmid"
"P20933-1","protein_xref_mondo","8830","AGA","aspartylglucosaminuria, aspartylglucosaminidase deficiency, glycosylasparaginase deficiency, aspartylglycosaminuria","Aspartylglucosaminuria","Aspartylglucosaminuria","MONDO:0008830",""
"Q9BT22-1","protein_xref_mondo","12052","ALG1","CDG1K, congenital disorder of glycosylation type Ik, mannosyltransferase 1 deficiency, CDG syndrome type Ik, congenital disorder of glycosylation type 1k, CDG-Ik, carbohydrate deficient glycoprotein syndrome type Ik","ALG1-CDG","ALG1-CDG","MONDO:0012052","26430078"
"Q2TAA5-1","protein_xref_mondo","13349","ALG11","CDG-Ip, Congenital Disorder of Glycosylation, Type Ip","ALG11-CDG","ALG11-CDG","MONDO:0013349",""
"Q9BV10-1","protein_xref_mondo","11783","ALG12","Congenital disorder of glycosylation, type Ig, CDG-Ig","ALG12-CDG","ALG12-CDG","MONDO:0011783",""
"Q9NP73-1","protein_xref_mondo","10472","ALG13","CDG-Is, Congenital Disorder of Glycosylation, Type Is","ALG13-CDG","ALG13-CDG","MONDO:0010472",""
"Q96F25-1","protein_xref_mondo","14542","ALG14","ALG14 congenital myasthenic syndrome, congenital myasthenic syndrome type 15, myasthenic syndrome, congenital, type 15, congenital myasthenic syndrome caused by mutation in ALG14, CMS15, congenital myasthenic syndrome 15 without tubular aggregates","ALG14-CMS","congenital myasthenic syndrome 15","MONDO:0014542",""
"Q9H553-1","protein_xref_mondo","11933","ALG2","CDG-Ii, Congenital disorder of glycosylation, type Ii","ALG2-CDG","ALG2-CDG","MONDO:0011933",""
"Q92685-1","protein_xref_mondo","10998","ALG3","CDG-Id, Congenital disorder of glycosylation, type Id","ALG3-CDG","ALG3-CDG","MONDO:0010998",""
"Q9Y672-1","protein_xref_mondo","11291","ALG6","CDG-Ic, Congenital disorder of glycosylation, type Ic","ALG6-CDG","congenital disorder of glycosylation type 1C","MONDO:0011291",""
"Q9BVK2-1","protein_xref_mondo","11969","ALG8","Congenital disorder of glycosylation, type Ih, CDG-Ih","ALG8-CDG","ALG8-CDG","MONDO:0011969",""
"Q9H6U8-1","protein_xref_mondo","12117","ALG9","CDG-IL, Congenital disorder of glycosylation, type IL","ALG9-CDG","ALG9-CDG","MONDO:0012117",""
"P15289-1","protein_xref_mondo","18868","ARSA","MLD, arylsulfatase A deficiency, sulfatide lipoidosis, Scholz cerebral sclerosis, deficiency of cerebroside-sulfatase","Metachromatic leukodystrophy","metachromatic leukodystrophy","MONDO:0018868",""
"P15848-1","protein_xref_mondo","9661","ARSB","MPS VI, Maroteaux-Lamy syndrome","Mucopolysaccharidosis VI","mucopolysaccharidosis type 6","MONDO:0009661",""
"Q13510-1","protein_xref_mondo","9218","ASAH1","Acid Ceramidase Deficiency","Farber Lipogranulomatosis","Farber lipogranulomatosis","MONDO:0009218",""
"Q15904-1","protein_xref_mondo","10504","ATP6AP1","immunodeficiency 47, IMD47immunodeficiency type 47, primary immunodeficiency disease caused by mutation in ATP6AP1, immunodeficiency 47, IMD47, ATP6AP1 primary immunodeficiency disease","ATP6AP1-CDG","immunodeficiency 47","MONDO:0010504",""
"O75787-1","protein_xref_mondo","10319","ATP6AP2","mental retardation, X-linked, syndromic, Hedera type, MRXE, MRXSH, X-linked mental retardation with epilepsy","ATP6AP2-CDG","syndromic X-linked intellectual disability Hedera type","MONDO:0010319",""
"P38606-1","protein_xref_mondo","27451","ATP6V1A","cutis laxa, autosomal recessive, type IID, ARCL2D, autosomal recessive cutis laxa type IID, cutis laxa, autosomal recessive, type 2D","ATP6V1A-CDG","autosomal recessive cutis laxa type 2d","MONDO:0027451",""
"P36543-1","protein_xref_mondo","27462","ATP6V1E1","autosomal recessive cutis laxa type IIC, ARCL2C, cutis laxa, autosomal recessive, type 2C, cutis laxa, autosomal recessive, type IIC, ARCL2C","ATP6V1E1-CDG","autosomal recessive cutis laxa type 2c","MONDO:0027462",""
"Q9Y487-1","protein_xref_mondo","18163","ATP6V0A2","V-ATPase a2 subunit defect, Debre-Type cutis laxa, Cutis laxa, autosomal recessive, type IIA (ARCL2A), ATP6VOA2 defect (cutis laxa type II)","ATP6VOA2-CDG","Autosomal recessive cutis laxa type 2A","MONDO:0018163",""
"Q8NCR0-1","protein_xref_mondo","14071","B3GALNT2","Congenital muscular dystrophy (MDDGA11)muscular dystrophy-dystroglycanopathy (congenital with brain and eye anomalies), type a, 11, B3GALNT2 muscular dystrophy-dystroglycanopathy, type A, muscular dystrophy-dystroglycanopathy, type A caused by mutation in B3GALNT2","B3GALNT2-CDG","muscular dystrophy-dystroglycanopathy (congenital with brain and eye anomalies), type a, 11","MONDO:0014071",""
"Q96L58-1","protein_xref_mondo","13019","B3GALT6","Brachyolmia 4 with mild epiphyseal and metaphyseal changes, SEMD, pakistani type","Spondyloepimetaphyseal dysplasia, pakistani type","spondyloepimetaphyseal dysplasia, Pakistani type","MONDO:0013019",""
"Q6Y288-1","protein_xref_mondo","9856","B3GLCT","Peters-plus syndrome, Krause-Kivlin syndrome, Peters anomaly with short limb dwarfism","B3GALTL-CDG","ALG13-CDG","MONDO:0009856",""
"O94766-1","protein_xref_mondo","9511","B3GAT3","multiple joint dislocations-short stature-craniofacial dysmorphism-congenital heart defects syndrome","B3GAT3-CDG","Larsen-like syndrome, B3GAT3 type","MONDO:0009511",""
"Q6Y288-1","protein_xref_mondo","9856","B3GLCT","Peters anomaly-short limb dwarfism syndrome, Krause-van Schooneveld-Kivlin syndrome, Peters-plus syndrome, Krause-Kivlin syndrome, Peters anomaly with short limb dwarfism","B3GLCT-CDG","Peters plus syndrome","MONDO:0009856",""
"Q00973-1","protein_xref_mondo","12213","B4GALNT1","autosomal recessive spastic paraplegia type 26, hereditary spastic paraplegia type 26, GM2 synthase deficiency, SPG26, autosomal recessive spastic paraplegia 26","B4GALNT1-CDG","hereditary spastic paraplegia 26","MONDO:0012213",""
"P15291-1","protein_xref_mondo","11772","B4GALT1","CDG-IId, Congenital disorder of glycosylation, type IId","B4GALT1-CDG","B4GALT1-CDG","MONDO:0011772",""
"Q9UBV7-1","protein_xref_mondo","7526","B4GALT7","Ehlers-Danlos syndrome, progeroid form, Ehlers-Danlos syndrome, progeroid type, 1, Galactosyltransferase 1 deficiency","B4GALT7-CDG","Ehlers-Danlos syndrome progeroid type","MONDO:0007526",""
"O43505-1","protein_xref_mondo","14120","B4GAT1","MUSCULAR DYSTROPHY-DYSTROGLYCANOPATHY (CONGENITAL WITH BRAIN AND EYE ANOMALIES), TYPE A, 13, MDDGA13","B4GAT1-CDG","muscular dystrophy-dystroglycanopathy (congenital with brain and eye anomalies), type A13","MONDO:0014120",""
"Q96EU7-1","protein_xref_mondo","10381","C1GALT1C1","Tn syndrome (SOMATIC MUTATION), Galactosyltransferase Deficiency","Tn polyagglutination syndrome, somatic (SOMATIC MUTATION)","Tn Polyagglutination syndrome","MONDO:0010381",""
"P27708-1","protein_xref_mondo","14647","CAD","epileptic encephalopathy, early infantile, 50, congenital disorder of glycosylation, type Iz, formerly, epileptic encephalopathy, early infantile, 50, EIEE50, congenital disorder of glycosylation, type Iz, EIEE50, congenital disorder of glycosylation, type Iz, CDG1Z","CAD-CDG","CAD-CDG","MONDO:0014647",""
"Q96NT0-1","protein_xref_mondo","14789","CCDC115","carbohydrate deficient glycoprotein syndrome type IIo, CDG-IIo, CDG syndrome type IIo, CDG2O, congenital disorder of glycosylation type IIo, congenital disorder of glycosylation, type IIo, congenital disorder of glycosylation type 2o","CCDC115-CDG","CCDC115-CDG","MONDO:0014789",""
"Q8NCH0-1","protein_xref_mondo","11142","CHST14","Adducted thumb and clubfoot syndrome","Ehlers-Danlos syndrome, musculocontractural type","Ehlers-Danlos syndrome, musculocontractural type","MONDO:0011142",""
"Q7LGC8-1","protein_xref_mondo","7738","CHST3","chondrodysplasia with multiple dislocations, Kozlowski Celermajer tink syndrome, SDCD, CHST3 type, CHST3-Related skeletal dysplasia, chondrodysplasia with congenital joint dislocations, CHST3 type, spondyloepiphyseal dysplasia with congenital joint dyslocations, CHST3 type, spondyloepiphyseal dysplasia with congenital joint dislocations, Humerospinal dysostosis, Omani type, humero-spinal dysostosis with congenital heart disease, spondyloepiphyseal dysplasia","CHST3-CDG","spondyloepiphyseal dysplasia with congenital joint dislocations","MONDO:0007738",""
"Q9GZX3-1","protein_xref_mondo","9020","CHST6","Macular corneal dystrophy Type II, Macular corneal dystrophy Type I","Macular corneal dystrophy","macular corneal dystrophy","MONDO:0009020",""
"Q86X52-1","protein_xref_mondo","11533","CHSY1","TPBS","Temtamy preaxial brachydactyly syndrome","temtamy preaxial brachydactyly syndrome","MONDO:0011533",""
"Q8WTW3-1","protein_xref_mondo","12637","COG1","Congenital disorder of glycosylation, type IIg, CDGII/COG1 Cerebrocostomandibular-like syndrome, CDG-IIg, COG1 deficiency","COG1-CDG","COG1-CDG","MONDO:0012637",""
"Q14746-1","protein_xref_mondo","54559","COG2","CONGENITAL DISORDER OF GLYCOSYLATION, TYPE IIq, CDG2Q","COG2-CDG","congenital disorder of glycosylation, type IIq","MONDO:0054559",""
"Q9H9E3-1","protein_xref_mondo","13281","COG4","Congenital disorder of glycosylation, type IIj, CDG-IIj","COG4-CDG","COG4-CDG","MONDO:0013281",""
"Q9UP83-2","protein_xref_mondo","13325","COG5","Congenital disorder of glycosylation, type IIi, CDG-IIi","COG5-CDG","COG5-CDG","MONDO:0013325",""
"Q9Y2V7-1","protein_xref_mondo","13810","COG6","CDG-IIL, Congenital Disorder of Glycosylation, Type IIL","COG6-CDG","COG6-CGD","MONDO:0013810",""
"P83436-1","protein_xref_mondo","12118","COG7","Congenital disorder of glycosylation, type IIe, CDG-IIe","COG7-CDG","COG7-CDG","MONDO:0012118",""
"Q96MW5-1","protein_xref_mondo","12635","COG8","CDG-IIh, COG8 deficiency, Congenital disorder of glycosylation, type IIh","COG8-CDG","COG8-CDG","MONDO:0012635",""
"P10619-1","protein_xref_mondo","9737","CTSA","Combined deficiency of sialidase AND beta galactosidase","Galactosialidosis","galactosialidosis","MONDO:0009737",""
"P39656-1","protein_xref_mondo","13789","DDOST","Congenital Disorder of Glycosylation, Type Ir, CDG-Ir","DDOST-CDG","DDOST-CDG","MONDO:0013789",""
"Q86SQ9-1","protein_xref_mondo","13468","DHDDS","retinitis pigmentosa caused by mutation in DHDDS, RP59, DHDDS retinitis pigmentosa, retinitis pigmentosa type 59, retinitis pigmentosa 59","DHDDS retinitis pigmentosa","retinitis pigmentosa 59","MONDO:0013468",""
"P11532-1","protein_xref_mondo","10679","DMD","Muscular dystrophy, pseudohypertrophic progressive, Duchenne type, DMD","Duchenne muscular dystrophy","Duchenne muscular dystrophy","MONDO:0010679",""
"Q9UPQ8-1","protein_xref_mondo","12556","DOLK","CDG-Im, DK1-CDG, Dolichol kinase deficiency, Congenital disorder of glycosylation, type Im, DK1 deficiency","DOLK-CDG","congenital disorder of glycosylation type I","MONDO:0012556",""
"Q9H3H5-1","protein_xref_mondo","11964","DPAGT1","CDG-Ij, Congenital disorder of glycosylation, type Ij","DPAGT1-CDG","DPAGT1-CDG","MONDO:0011964",""
"O60762-1","protein_xref_mondo","12123","DPM1","CDG-Ie, Congenital disorder of glycosylation, type Ie","DPM1-CDG","congenital disorder of glycosylation type 1E","MONDO:0012123",""
"O94777-1","protein_xref_mondo","14023","DPM2","CDG-Iu, CDG syndrome type Iu, carbohydrate deficient glycoprotein syndrome type Iu,congenital disorder of glycosylation type 1u, DPM2-CDG, CDG1U, CMD with intellectual disability and severe epilepsy, congenital disorder of glycosylation type Iu","DMP2-CDG","congenital muscular dystrophy with intellectual disability and severe epilepsy","MONDO:0014023",""
"Q9P2X0-1","protein_xref_mondo","13049","DPM3","CDG-Io, Congenital Disorder of Glycosylation, Type Io","DPM3-CDG","DPM3-CDG","MONDO:0013049",""
"Q9UL01-1","protein_xref_mondo","14236","DSE","Ehlers-Danlos syndrome, musculocontractural type 2, Ehlers-Danlos syndrome, musculocontractural type caused by mutation in DSE, DSE Ehlers-Danlos syndrome, musculocontractural type","DSE Ehlers-Danlos syndrome","Ehlers-Danlos syndrome, musculocontractural type 2","MONDO:0014236",""
"Q5NDL2-1","protein_xref_mondo","14124","EOGT","Adams-Oliver syndrome type 4, EOGT Adams-Oliver syndrome, Adams-Oliver syndrome 4, Adams-Oliver syndrome caused by mutation in EOGT","EOGT Adams-Oliver syndrome","Adams-Oliver syndrome 4","MONDO:0014124",""
"Q16394-1","protein_xref_mondo","5508","EXT1","Hereditary multiple osteochondromas (HMO), Hereditary multiple exostoses (HME), Multiple cartilaginous exostoses, Exostoses, multiple, type 2, Exostoses, multiple, type 1","EXT1/EXT2-CDG","Hereditary multiple osteochondromas","MONDO:0005508",""
"Q93063-1","protein_xref_mondo","5508","EXT2","Hereditary multiple osteochondromas (HMO), Hereditary multiple exostoses (HME), Multiple cartilaginous exostoses, Exostoses, multiple, type 2, Exostoses, multiple, type 1","EXT1/EXT2-CDG","Hereditary multiple osteochondromas","MONDO:0005508",""
"O43909-1","protein_xref_mondo","44312","EXTL3","ISDNA, IMMUNOSKELETAL dysplasia with neurodevelopmental abnormalities, ISDNA","immunoskeletal dysplasia with neurodevelopmental abnormalities","immunoskeletal dysplasia with neurodevelopmental abnormalities","MONDO:0044312",""
"Q9H9S5-1","protein_xref_mondo","11688","FKRP","Muscular dystrophy, congenital, type 1C (MDC1C), Congenital muscular dystrophy type 1C (CMD1C), FKRP-CDG (cong. muscular dystrophy spectrum), Muscular dystrophy-dystroglycanopathy (Congenital with or without mental retardation), type B, 5 (MDDGB5)","Muscular dystrophy, congenital, type 1C","muscular dystrophy-dystroglycanopathy type B5","MONDO:0011688",""
"Q9H9S5-1","protein_xref_mondo","11787","FKRP","Muscular dystrophy-dystroglycanopathy (limb-girdle), type C, 5 (MDDGC5), FKRP-CDG (cong. muscular dystrophy spectrum), Limb-girdle muscular dystrophy type 2I (LGMD2I)","Muscular dystrophy, limb-girdle, type 2I","autosomal recessive limb-girdle muscular dystrophy type 2I","MONDO:0011787",""
"O75072-1","protein_xref_mondo","12704","FKTN","Dilated cardiomyopathy with mild or no proximal muscle weakness, Cardiomyopathy, dilated, 1X (CMD1X), FKTN-CDG (cong. muscular dystrophy spectrum)","Cardiomyopathy, dilated, 1X","dilated cardiomyopathy 1X","MONDO:0012704",""
"O75072-1","protein_xref_mondo","9678","FKTN","Fukuyama congenital muscular dystrophy (FCMD), Muscular dystrophy-dystroglycanopathy (congenital with brain and eye anomalies), type A, 4 (MDDGA4), FKTN-CDG (cong. muscular dystrophy spectrum)","Fukuyama congenital muscular dystrophy","Fukuyama congenital muscular dystrophy","MONDO:0009678",""
"O75072-1","protein_xref_mondo","12699","FKTN","Muscular dystrophy-dystroglycanopathy (limb-girdle), type C, 4 (MDDGC4), Limb-girdle muscular dystrophy type 2M (LGMD2M), FKTN-CDG (cong. muscular dystrophy spectrum)","Muscular dystrophy, limb-girdle, type 2M","autosomal recessive limb-girdle muscular dystrophy type 2M","MONDO:0012699",""
"P04066-1","protein_xref_mondo","9254","FUCA1","A-fucosidase deficiency, Alpha-L-fucosidase deficiency, alpha fucosidase deficiency, fucosidosis","Fucosidosis","Fucosidosis","MONDO:0009254","23676310"
"Q9BYC5-1","protein_xref_mondo","60720","FUT8","CONGENITAL DISORDER OF glycosylation with defective fucosylation, CDGF, CDGF","FUT8-CDG","congenital disorder of glycosylation with defective fucosylation","MONDO:0060720",""
"Q9BUM1-1","protein_xref_mondo","12930","G6PC3","SCN4, severe congenital neutropenia-pulmonary hypertension-superficial venous angiectasis syndrome, severe congenital neutropenia type 4, Dursun syndrome","severe congenital neutropenia type 4","autosomal recessive severe congenital neutropenia due to G6PC3 deficiency","MONDO:0012930",""
"P10253-1","protein_xref_mondo","18485","GAA","GSD type II, Lysosomal alpha 1,4 Glucosidase Deficiency Disease","Pompe disease","glycogen storage disease due to acid maltase deficiency, late-onset","MONDO:0018485","23676310"
"P54803-1","protein_xref_mondo","9499","GALC","Galactosylceramide beta-galactosidase deficiency, Leukodystrophy, globoid cell, Krabbe leukodystrophy, Globoid cell leukodystrophy","Krabbe disease","Krabbe disease","MONDO:0009499",""
"P34059-1","protein_xref_mondo","9647","GALNS","MPS IVA, Galactosamine-6-sulphatase deficiency, Morquio's syndrome, classic form, Mucopolysaccharidosis type IVA","Morquio syndrome A","Morquio syndrome C","MONDO:0009647",""
"Q14435-1","protein_xref_mondo","8897","GALNT3","Tumoral calcinosis, hyperphosphatemic, familial","GALNT3-CDG","hyperphosphatemic familial tumoral calcinosis","MONDO:0008897",""
"Q14697-1","protein_xref_mondo","10916","GANAB","polycystic kidney disease type 3, Apkd3, GANAB autosomal dominant polycystic kidney disease, polycystic kidney disease, adult, type III, polycystic kidney disease 3, autosomal dominant polycystic kidney disease caused by mutation in GANAB, Pkd3","GANAB-CDG","polycystic kidney disease 3","MONDO:0010916",""
"P04062-1","protein_xref_mondo","9265","GBA","non-neuronopathic form","Gaucher disease, type I","Gaucher disease type I","MONDO:0009265","23676311"
"P04062-1","protein_xref_mondo","9266","GBA","acute neuronopathic Gaucher disease, infantile cerebral Gaucher disease, GD II, Gaucher's disease type II, Gaucher disease, acute neuronopathic type","Gaucher disease, type II","Gaucher disease type II","MONDO:0009266","23676312"
"P04062-1","protein_xref_mondo","9267","GBA","neuronopathic form","Gaucher disease, type III","Gaucher disease type III","MONDO:0009267","23676313"
"P04062-1","protein_xref_mondo","9268","GBA","neuronopathic form, cardiovascular form","Gaucher disease, type IIIC","Gaucher disease-ophthalmoplegia-cardiovascular calcification syndrome","MONDO:0009268","23676314"
"Q06210-1","protein_xref_mondo","182","GFPT1","CMSTA1","Myasthenia, congenital, with tubular aggregates 1","congenital myasthenic syndrome with tubular aggregates","MONDO:0000182",""
"P06280-1","protein_xref_mondo","10526","GLA","Alpha-galactosidase A deficiency","Fabry disease","Fabry disease","MONDO:0010526",""
"P16278-1","protein_xref_mondo","9260","GLB1","Norman-Landing disease, infantile GM1 gangliosidosis","GM1-gangliosidosis, type I","GM1 gangliosidosis type 1","MONDO:0009260","23676310"
"P16278-1","protein_xref_mondo","9261","GLB1","juvenile form, Derry syndrome","GM1-gangliosidosis, type II","GM1 gangliosidosis type 2","MONDO:0009261",""
"P16278-1","protein_xref_mondo","9262","GLB1","adult form","GM1-gangliosidosis, type III","GM1 gangliosidosis type 3","MONDO:0009262",""
"P16278-1","protein_xref_mondo","9647","GLB1","MPS IVB, Morquio-like syndrome, Mucopolysaccharidosis type IVB","Morquio syndrome B","Morquio syndrome C","MONDO:0009647",""
"P17900-1","protein_xref_mondo","10099","GM2A","GM2-Gangliosidosis, B variant, GM2-gangliosidosis, type I, Hexosaminidase A deficiency","Tay-Sachs disease","Tay-Sachs disease AB variant","MONDO:0010099",""
"Q96IJ6-1","protein_xref_mondo","14219","GMPPA","GMPPA-CDG, alacrima, achalasia, and mental retardation syndrome, AAMR, AAMR","GMPPA-CDG","alacrima, achalasia, and mental retardation syndrome","MONDO:0014219",""
"Q9Y5P6-1","protein_xref_mondo","14140","GMPPB","muscular dystrophy-dystroglycanopathy (congenital with brain and eye anomalies), type A14","muscular dystrophy-dystroglycanopathy (congenital with brain and eye anomalies), type A14","muscular dystrophy-dystroglycanopathy (congenital with brain and eye anomalies), type A14","MONDO:0014140",""
"Q9Y223-1","protein_xref_mondo","11603","GNE","GNE-CDG (hereditary inclusion body myopathy), Inclusion body myopathy 2, autosomal recessive (IBM2), Hereditary inclusion body myopathy type 2 (HIBM2)","Hereditary inclusion body myopathy type 2","hereditary inclusion body myopathy type 4","MONDO:0011603",""
"Q9Y223-1","protein_xref_mondo","11603","GNE","Nonaka myopathy (NM), Distal myopathy with rimmed vacuoles (DMRV), Distal myopathy, Nonaka type","Nonaka myopathy","GNE myopathy","MONDO:0011603",""
"Q3T906-1","protein_xref_mondo","9650","GNPTAB","N-Acetylglucosamine-1-phosphotransferase deficiency, I-cell disease, ML-II","Mucolipidosis II (alpha/beta)","inclusion-cell disease","MONDO:0009650","23676310"
"Q3T906-1","protein_xref_mondo","18931","GNPTAB","Pseudo-Hurler Polydystrophy, ML-III","Mucolipidosis III (alpha/beta)","mucolipidosis type III","MONDO:0018931","23676310"
"Q3T906-1","protein_xref_mondo","9650","GNPTAB","mucolipidosis type II, mucolipidosis II, I-cell disease, N-acetylglucosamine 1-phosphotransferase deficiency, mucolipidosis type II alpha/beta","I-cell disease,","inclusion-cell disease","MONDO:0009650",""
"P15586-1","protein_xref_mondo","9658","GNS","Mucopolysaccharidosis type IIID, MPS IIID","Sanfilippo syndrome D","Sanfilippo syndrome type D","MONDO:0009658",""
"O43292-1","protein_xref_mondo","60627","GPAA1","GLYCOSYLPHOSPHATIDYLINOSITOL BIOSYNTHESIS DEFECT 15, GPIBD15","GLYCOSYLPHOSPHATIDYLINOSITOL BIOSYNTHESIS DEFECT 15","glycosylphosphatidylinositol biosynthesis defect 15","MONDO:0060627",""
"P08236-1","protein_xref_mondo","9662","GUSB","MPS VII, Sly syndrome","Mucopolysaccharidosis VII","mucopolysaccharidosis type 7","MONDO:0009662",""
"P06865-1","protein_xref_mondo","10099","HEXA","Tay-Sachs disease, AB variant, GM2 activator deficiency","GM2-gangliosidosis, AB variant","Tay-Sachs disease AB variant","MONDO:0010099",""
"P07686-1","protein_xref_mondo","10006","HEXB","GM2-gangliosidosis, type II","Sandhoff disease","Sandhoff disease","MONDO:0010006",""
"Q68CP4-1","protein_xref_mondo","9657","HGSNAT","Mucopolysaccharidosis type IIIC, MPS IIIC","Sanfilippo syndrome C","Sanfilippo syndrome type C","MONDO:0009657",""
"P22304-1","protein_xref_mondo","10674","IDS","Hunter syndrome, MPS II","Mucopolysaccharidosis II","mucopolysaccharidosis type 2","MONDO:0010674",""
"P35475-1","protein_xref_mondo","11758","IDUA","Pfaundler-Hurler syndrome, Gargoylism, Hurler syndrome, Mucopolysaccharidosis type IH, MPS1-H","Hurler syndrome","Hurler syndrome","MONDO:0011758",""
"P35475-1","protein_xref_mondo","11759","IDUA","Mucopolysaccharidosis type IH/S, MPS1-HS","Hurler-Scheie syndrome","Hurler-Scheie syndrome","MONDO:0011759",""
"P35475-1","protein_xref_mondo","11760","IDUA","Mucopolysaccharidosis type V, MPS1-S, Scheie's syndrome, Mucopolysaccharidosis type IS","Scheie syndrome","Scheie syndrome","MONDO:0011760",""
"A4D126-1","protein_xref_mondo","13835","ISPD","ISPD muscular dystrophy-dystroglycanopathy, type A, muscular dystrophy-dystroglycanopathy (congenital with brain and eye anomalies), type a, 7, muscular dystrophy-dystroglycanopathy, type A caused by mutation in ISPD","ISPD-CDG","muscular dystrophy-dystroglycanopathy (congenital with brain and eye anomalies), type a, 7","MONDO:0013835",""
"Q8N5M9-1","protein_xref_mondo","14456","JAGN1","neutropenia, severe congenital, 6, autosomal recessive, SCN6, neutropenia, severe congenital, 6, autosomal recessive, SCN6","neutropenia,","autosomal recessive severe congenital neutropenia due to JAGN1 deficiency","MONDO:0014456",""
"Q14807-1","protein_xref_mondo","7738","KIF22","Spondyloepiphyseal dysplasia, Omani type","Spondyloepiphyseal dysplasia with congenital joint dislocations","spondyloepiphyseal dysplasia with congenital joint dislocations","MONDO:0007738",""
"O95461-1","protein_xref_mondo","12138","LARGE1","Congenital muscular dystrophy type 1D (CMD1D), Muscular dystrophy, congenital, type 1D (MDC1D), Muscular dystrophy-dystroglycanopathy (Congenital with mental retardation), type B, 6 (MDDGB6)","LARGE-CDG (cong. muscular dystrophy spectrum)","muscular dystrophy-dystroglycanopathy type B6","MONDO:0012138",""
"Q8NES3-1","protein_xref_mondo","12349","LFNG","Spondylocostal dysostosis 3, autosomal recessive, SCDO3","LFNG-CDG","spondylocostal dysostosis 3, autosomal recessive","MONDO:0012349",""
"P38571-1","protein_xref_mondo","19148","LIPA","Lysosomal acid lipase deficiency, Acid lipase deficiency","Wolman disease","Wolman disease","MONDO:0019148",""
"Q9UKM7-1","protein_xref_mondo","13624","MAN1B1","MRT15","Mental retardation, autosomal recessive 15","intellectual disability, autosomal recessive 15","MONDO:0013624",""
"O00754-1","protein_xref_mondo","9561","MAN2B1","Alpha-mannosidase B deficiency","Alpha-mannosidosis","Alpha-mannosidosis","MONDO:0009561","23676310"
"O00462-1","protein_xref_mondo","9562","MANBA","Beta-mannosidase deficiency","Beta-mannosidosis","beta-mannosidosis","MONDO:0009562",""
"Q10469-1","protein_xref_mondo","8908","MGAT2","Congenital disorder of glycosylation, type IIa, CDG-IIa","MGAT2-CDG","MGAT2-CDG","MONDO:0008908",""
"Q13724-1","protein_xref_mondo","11629","MOGS","Congenital disorder of glycosylation, type IIb, CDG-IIb, MOGS-CDG","GCS1-CDG","MOGS-CDG","MONDO:0011629","23676315"
"O75352-1","protein_xref_mondo","12211","MPDU1","Congenital disorder of glycosylation, type If, CDG-If","MPDU1-CDG","MPDU1-CDG","MONDO:0012211",""
"P34949-1","protein_xref_mondo","11257","MPI","Mannosephosphate isomerase deficiency, CDG-Ib, Congenital disorder of glycosylation, type Ib, Saguenay-Lac Saint-Jean syndrome, Protein-losing enteropathy-hepatic fibrosis syndrome","MPI-CDG","MPI-CDG","MONDO:0011257",""
"P17050-1","protein_xref_mondo","12221","NAGA","infantile type","Schindler disease, type I","alpha-N-acetylgalactosaminidase deficiency type 1","MONDO:0012221",""
"P17050-1","protein_xref_mondo","189","NAGA","Kanzaki disease","Schindler disease, type II","obsolete Schindler disease","MONDO:0000189",""
"P54802-1","protein_xref_mondo","9656","NAGLU","Mucopolysaccharidosis type IIIB, MPS IIIB","Sanfilippo syndrome B","Sanfilippo syndrome type B","MONDO:0009656",""
"Q9NR45-1","protein_xref_mondo","12495","NANS","Nans deficiency, spondyloepimetaphyseal dysplasia Genevieve type, SEMD, Genevieve type, SEMD Genevieve type, spondyloepimetaphyseal dysplasia, Genevieve type, spondyloepimetaphyseal dysplasia, Genevi√®ve type, spondyloepimetaphyseal dysplasia, Genevieve type, SEMDG","NANS-CDG","spondyloepimetaphyseal dysplasia, Genevieve type","MONDO:0012495",""
"Q99519-1","protein_xref_mondo","17734","NEU1","Mucolipidosis I, Neuraminidase deficiency","Sialidosis","sialidosis","MONDO:0017734",""
"Q96IV0-1","protein_xref_mondo","14109","NGLY1","CONGENITAL DISORDER OF DEGLYCOSYLATION, CDDG","CONGENITAL DISORDER OF DEGLYCOSYLATION; CDDG","NGLY1-deficiency","MONDO:0014109",""
"O15118-1","protein_xref_mondo","9757","NPC1","Niemann-Pick disease, type D, included","Niemann-Pick disease, type C1","Niemann-Pick disease, type C1","MONDO:0009757",""
"P61916-1","protein_xref_mondo","11873","NPC2","NPC2, type C2 Niemann-Pick disease, Niemann-Pick disease, type C2","Niemann-Pick disease, type C2","Niemann-Pick disease, type C2","MONDO:0011873",""
"Q96E22-1","protein_xref_mondo","14904","NUS1","CONGENITAL DISORDER OF GLYCOSYLATION, TYPE Iaa, CDG1AA","NUS1-CDG","congenital disorder of glycosylation, type IAA; CDG1AA","MONDO:0014904",""
"O15294-1","protein_xref_mondo","30907","OGT","mental retardation, X-linked 106, mental retardation, X-linked 106, MRX106, MRX106, X-linked mental retardation 106","MENTAL RETARDATION, X-LINKED 106; MRX106","intellectual disability, X-linked 106","MONDO:0030907",""
"O95340-1","protein_xref_mondo","13019","PAPSS2","spondyloepimetaphyseal dysplasia Pakistani type, spondyloepimetaphyseal dysplasia, Pakistani type","BRACHYOLMIA TYPE 4 WITH MILD EPIPHYSEAL AND METAPHYSEAL CHANGES; BCYM4","spondyloepimetaphyseal dysplasia, Pakistani type","MONDO:0013019",""
"Q75T13-1","protein_xref_mondo","14348","PGAP1","MENTAL RETARDATION, AUTOSOMAL RECESSIVE 42, MRT42PGAP1 autosomal recessive non-syndromic intellectual disability, autosomal recessive non-syndromic intellectual disability caused by mutation in PGAP1, mental retardation, autosomal recessive type 42","PGAP1-CDG","intellectual disability, autosomal recessive 42","MONDO:0014348",""
"Q9UHJ9-1","protein_xref_mondo","13628","PGAP2","HPMRS3, mental retardation, autosomal recessive 17, hyperphosphatasia with mental retardation syndrome 3, HPMRS3, glycosylphosphatidylinositol biosynthesis defect 8, mental retardation, autosomal recessive 21","HYPERPHOSPHATASIA WITH MENTAL RETARDATION SYNDROME 3; HPMRS3","hyperphosphatasia with intellectual disability syndrome 3","MONDO:0013628",""
"Q96FM1-1","protein_xref_mondo","14318","PGAP3","HYPERPHOSPHATASIA WITH MENTAL RETARDATION SYNDROME 4, HPMRS4hyperphosphatasia-intellectual disability syndrome caused by mutation in PGAP3, PGAP3 hyperphosphatasia-intellectual disability syndrome, hyperphosphatasia with mental retardation syndrome type 4, hyperphosphatasia with mental retardation syndrome 4","PGAP3-CDG","hyperphosphatasia with intellectual disability syndrome 4","MONDO:0014318",""
"P36871-1","protein_xref_mondo","13968","PGM1","CDG-It, Congenital Disorder of Glycosylation, Type It","","PGM1-CDG","MONDO:0013968",""
"O95394-1","protein_xref_mondo","14353","PGM3","mmunodeficiency-vasculitis-myoclonus syndrome, immunodeficiency 23, immunodeficiency 23, IMD23, phosphoglucomutase 3 deficiency, IMD23, immunodeficiency with hyper IgE and cognitive impairment, phosphoglucomutase deficiency type 3","PGM3-CDG","PGM3-CDG","MONDO:0014353",""
"P37287-1","protein_xref_mondo","10438","PIGA","PNH1, Paroxysmal nocturnal hemoglobinuria 1","Paroxysmal nocturnal hemoglobinuria, somatic (SOMATIC MUTATION)","paroxysmal nocturnal hemoglobinuria 1","MONDO:0010438",""
"Q92535-1","protein_xref_mondo","40500","PIGC","GPIBD16, glycosylphosphatidylinositol biosynthesis defect 16, GPIBD16, mental retardation, autosomal recessive 62","PIGC-CDG","glycosylphosphatidylinositol biosynthesis defect 16","MONDO:0040500",""
"Q5H8A4-1","protein_xref_mondo","14832","PIGG","MENTAL RETARDATION, AUTOSOMAL RECESSIVE 53, MRT53early-onset epilepsy-intellectual disability-brain anomalies syndrome, glycosylphosphatidylinositol biosynthesis defect 13, GPIBD13, PIGG-CDG, congenital disorder of glycosylation due to PIGG deficiency, mental retardation, autosomal recessive type 53, MRT53, mental retardation, autosomal recessive 53","PIGG-CDG","intellectual disability, autosomal recessive 53","MONDO:0014832",""
"Q14442-1","protein_xref_mondo","60724","PIGH","glycosylphosphatidylinositol biosynthesis defect 17, GPIBD17, GPIBD17","PIGH-CDG","glycosylphosphatidylinositol biosynthesis defect 17","MONDO:0060724",""
"Q9Y2B2-1","protein_xref_mondo","10221","PIGL","CHIME syndrome, Zunich-Kaye syndrome, PIGL-CDG, congenital disorder of glycosylation due to PIGL deficiency, neuroectodermal dysplasia, CHIME type, coloboma-congenital heart disease-ichthyosiform dermatosis-intellectual disability-ear anomalies syndrome, neuroectodermal syndrome, Zunich type","PIGL-CDG","CHIME syndrome","MONDO:0010221",""
"Q9H3S5-1","protein_xref_mondo","12465","PIGM","Autosomal recessive GPI anchor deficiency, Glycosylphosphatidylinositol deficiency","PIGM-CDG","hypercoagulability syndrome due to glycosylphosphatidylinositol deficiency","MONDO:0012465",""
"O95427-1","protein_xref_mondo","13563","PIGN","MCAHS1","Multiple congenital anomalies-hypotonia-seizures syndrome 1","multiple congenital anomalies-hypotonia-seizures syndrome 1","MONDO:0013563",""
"Q8TEQ8-1","protein_xref_mondo","13882","PIGO","PIGO hyperphosphatasia-intellectual disability syndrome, hyperphosphatasia-intellectual disability syndrome caused by mutation in PIGO, hyperphosphatasia with mental retardation syndrome 2, hyperphosphatasia with mental retardation syndrome type 2","PIGO-CDG","hyperphosphatasia with intellectual disability syndrome 2","MONDO:0013882",""
"P57054-1","protein_xref_mondo","33364","PIGP","epileptic encephalopathy, early infantile, 55, EIEE55, glycosylphosphatidylinositol biosynthesis defect 14, EIEE55, infantile epileptic encephalopathy 55","PIGP-CDG","epileptic encephalopathy, early infantile, 55","MONDO:0033364",""
"Q969N2-1","protein_xref_mondo","14165","PIGT","MCAHS type 3, multiple congenital anomalies-hypotonia-seizures syndrome type 3, multiple congenital anomalies/dysmorphic syndrome-intellectual disability caused by mutation in PIGT, congenital disorder of glycosylation due to PIGT deficiency, PIGT-CDG, multiple congenital anomalies-hypotonia-seizures syndrome 3, PIGT multiple congenital anomalies/dysmorphic syndrome-intellectual disability","PIGT-CDG","multiple congenital anomalies-hypotonia-seizures syndrome 3","MONDO:0014165",""
"Q969N2-1","protein_xref_mondo","14166","PIGT","paroxysmal nocturnal hemoglobinuria caused by mutation in PIGT, paroxysmal nocturnal hemoglobinuria 2, PIGT paroxysmal nocturnal hemoglobinuria, paroxysmal nocturnal hemoglobinuria type 2","PIGT-CDG","paroxysmal nocturnal hemoglobinuria 2","MONDO:0014166",""
"Q9NUD9-1","protein_xref_mondo","9398","PIGV","HPMRS1","Hyperphosphatasia with mental retardation syndrome 1","hyperphosphatasia with intellectual disability syndrome 1","MONDO:0009398",""
"Q7Z7B1-1","protein_xref_mondo","14457","PIGW","hyperphosphatasia with mental retardation syndrome type 5, hyperphosphatasia with mental retardation syndrome 5, PIGW hyperphosphatasia-intellectual disability syndrome, hyperphosphatasia-intellectual disability syndrome caused by mutation in PIGWGLYCOSYLPHOSPHATIDYLINOSITOL BIOSYNTHESIS DEFECT 11, GPIBD11","PIGW-CDG","hyperphosphatasia with intellectual disability syndrome 5","MONDO:0014457",""
"Q3MUY2-1","protein_xref_mondo","14780","PIGY","hyperphosphatasia with mental retardation syndrome type 6, HPMRS6, hyperphosphatasia-intellectual disability syndrome caused by mutation in PIGY, PIGY hyperphosphatasia-intellectual disability syndrome, hyperphosphatasia with mental retardation syndrome 6","PIGY-CDG","hyperphosphatasia with intellectual disability syndrome 6; HPMRS6","MONDO:0014780",""
"Q02809-1","protein_xref_mondo","16002","PLOD1","Ehlers-Danlos syndrome, kyphoscoliotic type, Nevo syndrome","Ehlers-Danlos syndrome, type VI","Ehlers-Danlos syndrome, kyphoscoliotic type","MONDO:0016002",""
"O00469-1","protein_xref_mondo","12217","PLOD2","Osteogenesis imperfecta with congenital joint contractures, BRKS2","Bruck syndrome 2","Bruck syndrome 2","MONDO:0012217",""
"O60568-1","protein_xref_mondo","12892","PLOD3","Bone fragility with contractures, arterial rupture, and deafness, LH3 deficiency","Lysyl hydroxylase 3 deficiency","connective tissue disorder due to lysyl hydroxylase-3 deficiency","MONDO:0012892",""
"O15305-1","protein_xref_mondo","8907","PMM2","Congenital disorder of glycosylation, type Ia, Jaeken syndrome, CDG-Ia, Phosphomannomutase 2 deficiency","PMM2-CDG","PMM2-CDG","MONDO:0008907",""
"Q9H488-1","protein_xref_mondo","14130","POFUT1","Dowling-Degos disease type 2, Dowling-Degos disease caused by mutation in POFUT1, POFUT1 Dowling-Degos disease, Dowling-Degos disease 2","POFUT1-CDG","Dowling-Degos disease 2","MONDO:0014130",""
"Q8NBL1-1","protein_xref_mondo","14307","POGLUT1","POGLUT1 Dowling-Degos disease, Dowling-Degos disease type 4, Dowling-Degos disease caused by mutation in POGLUT1, Dowling-Degos disease 4","POGLUT1-CDG","Dowling-Degos disease 4","MONDO:0014307",""
"Q8WZA1-1","protein_xref_mondo","14023","POMGNT1","Muscle-eye-brain disease (MEB), Muscular dystrophy-dystroglycanopathy (Congenital with brain and eye anomalies), type A, 3 (MDDGA3)","POMGNT1-CDG (cong. muscular dystrophy spectrum)","congenital muscular dystrophy with intellectual disability and severe epilepsy","MONDO:0014023",""
"Q8NAT1-1","protein_xref_mondo","13904","POMGNT2","muscular dystrophy-dystroglycanopathy (congenital with brain and eye anomalies), type a, 8, muscular dystrophy-dystroglycanopathy, type A caused by mutation in POMGNT2, POMGNT2 muscular dystrophy-dystroglycanopathy, type A","POMGNT2-CDG","muscular dystrophy-dystroglycanopathy (congenital with brain and eye anomalies), type a, 8","MONDO:0013904",""
"Q8NAT1-1","protein_xref_mondo","29135","POMGNT2","MUSCULAR DYSTROPHY, LIMB-GIRDLE, AUTOSOMAL RECESSIVE 24, LGMDR24MUSCULAR DYSTROPHY-DYSTROGLYCANOPATHY, LIMB-GIRDLE, POMGNT2-RELATED,MUSCULAR DYSTROPHY, LIMB-GIRDLE, AUTOSOMAL RECESSIVE 24, LGMDR24MUSCULAR DYSTROPHY-DYSTROGLYCANOPATHY, LIMB-GIRDLE, POMGNT2-RELATED","POMGNT2-CDG","muscular dystrophy-dystroglycanopathy (limb-girdle), type C, 8","MONDO:0029135",""
"Q9H5K3-1","protein_xref_mondo","14489","POMK","LGMD due to POMK deficiency, MUSCULAR DYSTROPHY-DYSTROGLYCANOPATHY (LIMB-GIRDLE), TYPE C, 12, MDDGC12, MUSCULAR DYSTROPHY-DYSTROGLYCANOPATHY, LIMB-GIRDLE, POMK-RELATED","POMK-CDG","limb-girdle muscular dystrophy due to POMK deficiency","MONDO:0014489",""
"Q9H5K3-1","protein_xref_mondo","14101","POMK","muscular dystrophy-dystroglycanopathy (congenital with brain and eye anomalies), type a, 12, muscular dystrophy-dystroglycanopathy, type A caused by mutation in POMK, POMK muscular dystrophy-dystroglycanopathy, type A","POMK-CDG","muscular dystrophy-dystroglycanopathy (congenital with brain and eye anomalies), type a, 12","MONDO:0014101",""
"Q9Y6A1-1","protein_xref_mondo","14023","POMT1","Walker-Warburg syndrome (WWS), Muscular dystrophy-dystroglycanopathy (Congenital with brain and eye anomalies), type A, 1 (MDDGA1), Muscular dystrophy-dystroglycanopathy (Congenital with brain and eye anomalies), type A, 2 (MDDGA2)","POMT1/POMT2-CDG (cong. muscular dystrophy spectrum)","congenital muscular dystrophy with intellectual disability and severe epilepsy","MONDO:0014023",""
"Q9UKY4-1","protein_xref_mondo","14023","POMT2","Walker-Warburg syndrome (WWS), Muscular dystrophy-dystroglycanopathy (Congenital with brain and eye anomalies), type A, 1 (MDDGA1), Muscular dystrophy-dystroglycanopathy (Congenital with brain and eye anomalies), type A, 2 (MDDGA2)","POMT1/POMT2-CDG (cong. muscular dystrophy spectrum)","congenital muscular dystrophy with intellectual disability and severe epilepsy","MONDO:0014023",""
"P14314-1","protein_xref_mondo","8265","PRKCSH","ADPCLD, isolated congenital polycystic liver disease, autosomal dominant polycystic liver disease, nonsyndromic polycystic liver disease (disease), nonsyndromic congenital polycystic liver disease, PCLD","PRKCSH-CDG","isolated polycystic liver disease","MONDO:0008265",""
"P07602-1","protein_xref_mondo","12719","PSAP","prosaposin deficiency, saposin deficiency","Combined saposin deficiency","encephalopathy due to prosaposin deficiency","MONDO:0012719",""
"P07602-1","protein_xref_mondo","12517","PSAP","atypical Gaucher disease due to saposin C deficiency, atypical Gaucher's disease due to saposin c deficiency, Gaucher disease caused by mutation in PSAP, PSAP Gaucher disease","Gaucher disease, atypical, due to saposin C deficiency","atypical Gaucher disease due to saposin C deficiency","MONDO:0012517","23676310"
"P07602-1","protein_xref_mondo","9590","PSAP","Sphingolipid activator protein 1 deficiency","Metachromatic leukodystrophy, due to saposin B deficiency","metachromatic leukodystrophy due to saposin b deficiency","MONDO:0009590","23676310"
"Q96AA3-1","protein_xref_mondo","12783","RFT1","Congenital disorder of glycosylation, type In, RFT1 (flippase) deficiency, CDG-In","RFT1-CDG","RFT1-CDG","MONDO:0012783",""
"Q9Y2B1-1","protein_xref_mondo","14022","RXYLT1","muscular dystrophy-dystroglycanopathy (congenital with brain and eye anomalies), type a, 10, muscular dystrophy-dystroglycanopathy, type A caused by mutation in RXYLT1, RXYLT1 muscular dystrophy-dystroglycanopathy, type A","TMEM5-CDG","muscular dystrophy-dystroglycanopathy (congenital with brain and eye anomalies), type a, 10","MONDO:0014022",""
"Q15436-1","protein_xref_mondo","11911","SEC23A","Boyadjiev-Jabs syndrome, craniolenticulosutural dysplasia, cranio-lenticulo-sutural dysplasia, CLSD","SEC23A-CDG","craniolenticulosutural dysplasia","MONDO:0011911",""
"Q15437-1","protein_xref_mondo","9134","SEC23B","CDA II, Congenital dyserythropoietic anaemia, type II, Hereditary Erythroblastic Multinuclearity with Positive Acidified-Serum Test (HEMPAS)","SEC23B-CDG","congenital dyserythropoietic anemia type II","MONDO:0009134",""
"Q9UGP8-1","protein_xref_mondo","14860","SEC63","polycystic liver disease 2 with OR without kidney cysts, PCLD2, polycystic liver disease 2 with or without kidney cysts","SEC63-CDG","polycystic liver disease 2; PCLD2","MONDO:0014860",""
"P51688-1","protein_xref_mondo","9655","SGSH","Mucopolysaccharidosis type IIIA, MPS IIIA","Sanfilippo syndrome A","Sanfilippo syndrome type A","MONDO:0009655",""
"Q9HAT2-1","protein_xref_mondo","13303","SIAE","autoimmune disease caused by mutation in SIAE, autoimmune disease, susceptibility to, type 6, autoimmune disease, susceptibility to, 6, SIAE autoimmune disease","SIAE autoimmune disease","autoimmune disease, susceptibility to, 6","MONDO:0013303",""
"P13866-1","protein_xref_mondo","11731","SLC5A1","Complex carbohydrate intolerance, glucose galactose malabsorption deficiency, monosaccharide malabsorption, glucose/galactose malabsorption, GGM, carbohydrate intolerance of glucose galactose, GGM, glucose/galactose malabsorption","Glucose-Galactose  Malabsorption","Glucose-Galactose Malabsorption","MONDO:0011731",""
"P50443-1","protein_xref_mondo","10966","SLC26A2","ACG1B, Achondrogenesis, Fraccaro type","Achondrogenesis type IB","achondrogenesis type IB","MONDO:0010966",""
"P50443-1","protein_xref_mondo","9189","SLC26A2","Epiphyseal dysplasia, multiple, 4 (EDM4)","Autosomal recessive multiple epiphyseal dysplasia","multiple epiphyseal dysplasia type 4","MONDO:0009189",""
"P50443-1","protein_xref_mondo","9727","SLC26A2","Atelosteogenesis, type II (AOII)","Neonatal osseous dysplasia I","florid cemento-osseous dysplasia","MONDO:0009727",""
"P50443-1","protein_xref_mondo","9107","SLC26A2","Diastrophic dwarfism","Diastrophic dysplasia","diastrophic dysplasia","MONDO:0009107",""
"P78382-1","protein_xref_mondo","11342","SLC35A1","Congenital disorder of glycosylation, type IIf, CDG-IIf","SLC35A1-CDG","SLC35A1-CDG","MONDO:0011342",""
"P78381-1","protein_xref_mondo","10478","SLC35A2","CDG syndrome type IIm, CDG2M, congenital disorder of glycosylation type 2m, congenital disorder of glycosylation type IIm, CDG-IIm","SLC35A2-CDG","SLC35A2-CDG","MONDO:0010478",""
"Q9Y2D2-1","protein_xref_mondo","14248","SLC35A3","ARTHROGRYPOSIS, MENTAL RETARDATION, AND SEIZURES, AMRS","SLC35A3-CDG","autism spectrum disorder - epilepsy - arthrogryposis syndrome","MONDO:0014248",""
"Q96A29-1","protein_xref_mondo","9953","SLC35C1","Congenital disorder of glycosylation, type IIc, CDG-IIc, Rambam Hasharon syndrome, Leukocyte adhesion deficiency, type 2","SLC35C1-CDG","leukocyte adhesion deficiency type II","MONDO:0009953",""
"Q9NTN3-1","protein_xref_mondo","10013","SLC35D1","Schneckenbecken dysplasia, Chondrodysplasia, lethal neonatal, with snail-like pelvis","SLC35D1-CDG","schneckenbecken dysplasia","MONDO:0010013",""
"O43826-1","protein_xref_mondo","9288","SLC37A4","glycogen storage disease type IB, GSD type IB, glycogen storage disease due to G6P deficiency type IB, GSD due to G6PT deficiency, G6PT deficiency, glycogenosis due to glucose-6-phosphatase transport defect type IB, G6P deficiency type IB, glycogenosis due to glucose-6-phosphatase deficiency type 1b, glycogen storage disease type I non-a, GSD type 1 non a, GSD due to G6P deficiency type IB, G6P translocase deficiency, glycogenosis type 1b, GSD type 1b, glycogen storage disease type 1b, GSDIb, glycogenosis type IB","glycogen storage disease type IB","glycogen storage disease due to glucose-6-phosphatase deficiency type IB","MONDO:0009288",""
"Q9C0K1-1","protein_xref_mondo","14746","SLC39A8","CDG IIn, congenital disorder of glycosylation, type IIn, CDG2N","SLC39A8-CDG","SLC39A8-CDG","MONDO:0014746",""
"P17405-1","protein_xref_mondo","9756","SMPD1","neurological type","Niemann-Pick disease, type A","Niemann-Pick disease type A","MONDO:0009756",""
"P17405-1","protein_xref_mondo","11871","SMPD1","non-neurological type","Niemann-Pick disease, type B","Niemann-Pick disease type B","MONDO:0011871",""
"Q9H8P0-1","protein_xref_mondo","12885","SRD5A3","Congenital Disorder of Glycosylation, Type Iq, CDG-Iq, Ocular colobomas, ichthyosis, brain malformations and endocrine abnormalities","SRD5A3-CDG","SRD5A3-CDG","MONDO:0012885",""
"P51571-1","protein_xref_mondo","10490","SSR4","carbohydrate deficient glycoprotein syndrome type Iy, congenital disorder of glycosylation type Iy, CDG-Iy, CDG syndrome type Iy, congenital disorder of glycosylation type 1y, CDG1Y","SSR4-CDG","SSR4-CDG","MONDO:0010490",""
"Q11203-1","protein_xref_mondo","12612","ST3GAL3","MRT12","Mental retardation, autosomal recessive 12","intellectual disability, autosomal recessive 12","MONDO:0012612",""
"Q9UNP4-1","protein_xref_mondo","18274","ST3GAL5","Epilepsy syndrome, infantile-onset symptomatic, GM3 Synthase deficiency, Amish infantile epilepsy syndrome","ST3GAL5-CDG","GM3 synthase deficiency","MONDO:0018274",""
"P46977-1","protein_xref_mondo","14270","STT3A","CDG syndrome type Iw, congenital disorder of glycosylation type 1w, CDG-Iw, CDG1W, congenital disorder of glycosylation type Iw","STT3A-CDG","STT3A-CDG","MONDO:0014270",""
"Q8TCJ2-1","protein_xref_mondo","14271","STT3B","carbohydrate deficient glycoprotein syndrome type Ix, congenital disorder of glycosylation type 1x, CDG-Ix, CDG syndrome type Ix, congenital disorder of glycosylation type Ix, CDG1X","STT3B-CDG","STT3B-CDG","MONDO:0014271",""
"Q8NBK3-1","protein_xref_mondo","10088","SUMF1","Multiple sulfatase deficiency disease, MSD","Multiple sulfatase deficiency","mucosulfatidosis","MONDO:0010088",""
"Q9HC07-1","protein_xref_mondo","13870","TMEM165","Congenital Disorder of Glycosylation, Type IIk, CDG-IIk","TMEM165-CDG","TMEM165-CDG","MONDO:0013870",""
"Q8N511-1","protein_xref_mondo","14790","TMEM199","carbohydrate deficient glycoprotein syndrome type IIp, CDG-IIp, CDG syndrome type IIp, CDG2P, congenital disorder of glycosylation, type IIp, congenital disorder of glycosylation type IIp, congenital disorder of glycosylation type 2p","TMEM199-CDG","TMEM199-CDG","MONDO:0014790",""
"Q7Z392-1","protein_xref_mondo","14144","TRAPPC11","muscular dystrophy, limb-girdle, type 2S, autosomal recessive limb-girdle muscular dystrophy caused by mutation in TRAPPC11, TRAPPC11 autosomal recessive limb-girdle muscular dystrophy, LGMD2S","TRAPPC11-CDG","autosomal recessive limb-girdle muscular dystrophy type 2S","MONDO:0014144",""
"Q8WVT3-1","protein_xref_mondo","44696","TRAPPC12","encephalopathy, progressive, early-onset, with brain atrophy and spasticity, PEBAS, encephalopathy, progressive, early-onset, with brain atrophy and spasticity, PEBAS","TRAPPC12-CDG","early-onset progressive encephalopathy-hearing loss-pons hypoplasia-brain atrophy syndrome","MONDO:0044696",""
"Q86SZ2-1","protein_xref_mondo","60640","TRAPPC6B","NEDMEBA, neurodevelopmental DISORDER with MICROCEPHALY, epilepsy, and BRAIN atrophy, NEDMEBA","TRAPPC6B-CDG","neurodevelopmental disorder with microcephaly, epilepsy, and brain atrophy","MONDO:0060640",""
"Q15643-1","protein_xref_mondo","8701","TRIP11","achondrogenesis Houston-Harris type, achondrogenesis, Houston-Harris type","TRIP11-CDG","achondrogenesis type IA","MONDO:0008701",""
"Q13454-1","protein_xref_mondo","12615","TUSC3","Mental retardation, autosomal recessive 7 (MRT7), Mental retardation, autosomal recessive 22, Oligosaccharyltransferase TUSC3 subunit defect","TUSC3-CDG","intellectual disability, autosomal recessive 7","MONDO:0012615",""
"Q7Z7G8-1","protein_xref_mondo","8999","VPS13B","COHEN SYNDROME, COH1cutis verticis gyrata, retinitis pigmentosa, and sensorineural deafness, Cohen syndrome","VPS13B-CDG","Cohen syndrome","MONDO:0008999",""
"Q86Y38-1","protein_xref_mondo","18273","XYLT1","XYLT1-CDG, pseudoxanthoma elasticum (PXE) XYLT1, Gronblad-Strandberg-Touraine syndrome, hereditary pseudoxanthoma elasticum (inherited or acquired), Gronblad-Strandberg syndrome, PXE","XYLT1-CDG","XYLT1-CDG","MONDO:0018273",""
"Q86Y38-1","protein_xref_mondo","14343","XYLT1","desbuquois dysplasia 2Desbuquois dysplasia 2, Desbuquois dysplasia caused by mutation in XYLT1, XYLT1 Desbuquois dysplasia, Desbuquois dysplasia type 2","desbuquois dysplasia 2","desbuquois dysplasia 2","MONDO:0014343",""
"Q9H1B5-1","protein_xref_mondo","11604","XYLT2","pseudoxanthoma elasticum (PXE) caused by XYLT2, Spondyloocular syndrome,SPONDYLOOCULAR syndrome, SOS, SPONDYLOOCULAR syndrome, SOS","XYLT2-CDG","spondylo-ocular syndrome","MONDO:0011604",""
