pathway	p-value
MSigDB:REACTOME_GLYCOSAMINOGLYCAN_METABOLISM	3.713975707877086E-40
MSigDB:REACTOME_DISEASES_ASSOCIATED_WITH_GLYCOSAMINOGLYCAN_METABOLISM	1.4542816489185394E-28
MSigDB:REACTOME_DISEASES_OF_METABOLISM	8.15708352720159E-28
MSigDB:REACTOME_KERATAN_SULFATE_KERATIN_METABOLISM	8.723523862566946E-27
MSigDB:REACTOME_HS_GAG_DEGRADATION	7.81346855613167E-26
MSigDB:REACTOME_HEPARAN_SULFATE_HEPARIN_HS_GAG_METABOLISM	1.164416500895214E-25
MSigDB:REACTOME_DISEASES_OF_GLYCOSYLATION	3.2919588364180453E-25
MSigDB:REACTOME_CHONDROITIN_SULFATE_DERMATAN_SULFATE_METABOLISM	3.63979748638032E-25
MSigDB:REACTOME_KERATAN_SULFATE_BIOSYNTHESIS	2.001490383388138E-24
MSigDB:REACTOME_A_TETRASACCHARIDE_LINKER_SEQUENCE_IS_REQUIRED_FOR_GAG_SYNTHESIS	2.203108648594832E-23
MSigDB:REACTOME_ATTACHMENT_AND_ENTRY	3.4869656194919194E-23
MSigDB:REACTOME_N_GLYCAN_ANTENNAE_ELONGATION_IN_THE_MEDIAL_TRANS_GOLGI	3.9196887299335396E-23
MSigDB:MILI_PSEUDOPODIA_HAPTOTAXIS_DN	1.9622101963577873E-22
MSigDB:REACTOME_DEFECTIVE_B4GALT7_CAUSES_EDS_PROGEROID_TYPE	3.505381867099114E-22
MSigDB:REACTOME_DEFECTIVE_EXT2_CAUSES_EXOSTOSES_2	3.303808682365031E-21
MSigDB:REACTOME_N_GLYCAN_ANTENNAE_ELONGATION	4.018664045483309E-21
MSigDB:KEGG_GLYCOSAMINOGLYCAN_BIOSYNTHESIS_KERATAN_SULFATE	6.80946536555481E-21
MSigDB:REACTOME_CS_DS_DEGRADATION	5.699832255017527E-20
MSigDB:REACTOME_HS_GAG_BIOSYNTHESIS	1.6641304941770866E-18
MSigDB:JI_CARCINOGENESIS_BY_KRAS_AND_STK11_DN	2.4907729511790005E-18
MSigDB:REACTOME_METABOLISM_OF_CARBOHYDRATES	7.275667709569922E-18
MSigDB:HALLMARK_GLYCOLYSIS	8.41622211581769E-17
MSigDB:MEBARKI_HCC_PROGENITOR_WNT_UP_BLOCKED_BY_FZD8CRD	8.513008719642321E-17
MSigDB:MEBARKI_HCC_PROGENITOR_WNT_UP	9.823705591387588E-17
MSigDB:NABA_PROTEOGLYCANS	2.777853526108438E-16
MSigDB:REACTOME_DERMATAN_SULFATE_BIOSYNTHESIS	3.4202483131270927E-16
MSigDB:REACTOME_DEFECTIVE_B4GALT1_CAUSES_B4GALT1_CDG_CDG_2D	5.637342277681349E-16
MSigDB:REACTOME_KERATAN_SULFATE_DEGRADATION	8.079165356985737E-16
MSigDB:REACTOME_DEFECTIVE_CHSY1_CAUSES_TPBS	8.701557220473729E-16
MSigDB:CUI_TCF21_TARGETS_UP	9.70500041329707E-16
MSigDB:REACTOME_DEFECTIVE_CHST14_CAUSES_EDS_MUSCULOCONTRACTURAL_TYPE	1.0733067661444461E-15
MSigDB:REACTOME_DEFECTIVE_CHST3_CAUSES_SEDCJD	1.2076977991206127E-15
MSigDB:BOQUEST_STEM_CELL_UP	5.592530982016757E-15
MSigDB:WP_NEOLACTO_SERIES_SPHINGOLIPID_METABOLISM	6.3355830312431215E-15
MSigDB:LINDVALL_IMMORTALIZED_BY_TERT_DN	6.797031684132273E-15
MSigDB:VERRECCHIA_RESPONSE_TO_TGFB1_C1	7.925719702070954E-15
MSigDB:DESERT_EXTRACELLULAR_MATRIX_HEPATOCELLULAR_CARCINOMA_SUBCLASS_UP	8.2382117497813E-15
MSigDB:BIOCARTA_SLRP_PATHWAY	8.367882871223478E-15
MSigDB:HOLLERN_EMT_BREAST_TUMOR_UP	8.858012593960081E-15
MSigDB:JOHNSTONE_PARVB_TARGETS_3_UP	1.3808830972744181E-14
MSigDB:WOTTON_RUNX_TARGETS_UP	1.6149469714946964E-14
MSigDB:REACTOME_REACTIONS_SPECIFIC_TO_THE_COMPLEX_N_GLYCAN_SYNTHESIS_PATHWAY	2.891584360798259E-14
MSigDB:SUNG_METASTASIS_STROMA_UP	4.605361927079548E-14
MSigDB:SCHUETZ_BREAST_CANCER_DUCTAL_INVASIVE_UP	4.612229096992739E-14
MSigDB:WESTON_VEGFA_TARGETS_12HR	5.319593588045844E-14
MSigDB:REACTOME_EARLY_SARS_COV_2_INFECTION_EVENTS	6.815720570659579E-14
MSigDB:HALLMARK_EPITHELIAL_MESENCHYMAL_TRANSITION	1.0223093956730323E-13
MSigDB:WESTON_VEGFA_TARGETS	1.6482774104158682E-13
MSigDB:HALLMARK_ANGIOGENESIS	1.861960435258117E-13
MSigDB:AZARE_STAT3_TARGETS	2.1651339388998082E-13
MSigDB:NABA_MATRISOME	3.083680807234642E-13
MSigDB:MIYAGAWA_TARGETS_OF_EWSR1_ETS_FUSIONS_DN	4.403018734967606E-13
MSigDB:REACTOME_EXTRACELLULAR_MATRIX_ORGANIZATION	4.457633576646814E-13
MSigDB:WESTON_VEGFA_TARGETS_6HR	7.15876127869623E-13
MSigDB:MILI_PSEUDOPODIA_CHEMOTAXIS_DN	7.589429447215343E-13
MSigDB:HELLEBREKERS_SILENCED_DURING_TUMOR_ANGIOGENESIS	9.554594559082964E-13
MSigDB:OISHI_CHOLANGIOMA_STEM_CELL_LIKE_DN	1.0438850466503195E-12
MSigDB:PID_INTEGRIN3_PATHWAY	1.078162891112946E-12
MSigDB:MEBARKI_HCC_PROGENITOR_WNT_UP_CTNNB1_INDEPENDENT	1.1542378803425535E-12
MSigDB:CLASPER_LYMPHATIC_VESSELS_DURING_METASTASIS_DN	1.1568740585708067E-12
MSigDB:KIM_GLIS2_TARGETS_UP	1.3201433993255897E-12
MSigDB:DELYS_THYROID_CANCER_UP	1.855602943498591E-12
MSigDB:WP_GLYCOSPHINGOLIPID_METABOLISM	1.886318938526941E-12
MSigDB:SERVITJA_ISLET_HNF1A_TARGETS_UP	1.952164008000903E-12
MSigDB:LIEN_BREAST_CARCINOMA_METAPLASTIC	2.1168342190712044E-12
MSigDB:BRUINS_UVC_RESPONSE_VIA_TP53_GROUP_B	2.1738063906131422E-12
MSigDB:REACTOME_CHONDROITIN_SULFATE_BIOSYNTHESIS	2.3137319597657262E-12
MSigDB:REACTOME_ECM_PROTEOGLYCANS	2.489592529919069E-12
MSigDB:KANG_IMMORTALIZED_BY_TERT_UP	2.6141075336204408E-12
MSigDB:REACTOME_SYNDECAN_INTERACTIONS	2.702417599783162E-12
MSigDB:HUANG_FOXA2_TARGETS_DN	2.8323223140341647E-12
MSigDB:CHEN_METABOLIC_SYNDROM_NETWORK	2.931573167398706E-12
MSigDB:ONDER_CDH1_TARGETS_2_UP	3.4243357347708362E-12
MSigDB:KAYO_CALORIE_RESTRICTION_MUSCLE_UP	3.837954725429074E-12
MSigDB:LU_TUMOR_ANGIOGENESIS_UP	4.638106017965481E-12
MSigDB:ROY_WOUND_BLOOD_VESSEL_UP	4.8888559893661715E-12
MSigDB:HOSHIDA_LIVER_CANCER_SUBCLASS_S1	4.9982859622266485E-12
MSigDB:WANG_ESOPHAGUS_CANCER_VS_NORMAL_UP	5.4467865380648824E-12
MSigDB:BRUECKNER_TARGETS_OF_MIRLET7A3_DN	5.5976660984705395E-12
MSigDB:NABA_CORE_MATRISOME	6.579083151692994E-12
MSigDB:REACTOME_CELL_SURFACE_INTERACTIONS_AT_THE_VASCULAR_WALL	8.876424913119812E-12
MSigDB:HALLMARK_HYPOXIA	9.277960746391408E-12
MSigDB:ENGELMANN_CANCER_PROGENITORS_DN	9.743173382979358E-12
MSigDB:MEBARKI_HCC_PROGENITOR_WNT_UP_CTNNB1_DEPENDENT	1.1912153555970672E-11
MSigDB:WP_GANGLIO_SPHINGOLIPID_METABOLISM	1.2892972137772103E-11
MSigDB:DURAND_STROMA_S_UP	1.2996449875279112E-11
MSigDB:GERHOLD_ADIPOGENESIS_DN	1.5886704051354626E-11
MSigDB:VERRECCHIA_EARLY_RESPONSE_TO_TGFB1	1.8341581078146663E-11
MSigDB:KEGG_GLYCOSPHINGOLIPID_BIOSYNTHESIS_GLOBO_SERIES	2.122727334667558E-11
MSigDB:REN_ALVEOLAR_RHABDOMYOSARCOMA_DN	2.1734363080040313E-11
MSigDB:PID_SYNDECAN_4_PATHWAY	2.221773211204403E-11
MSigDB:REACTOME_METABOLISM_OF_FAT_SOLUBLE_VITAMINS	2.270070687066505E-11
MSigDB:PETROVA_ENDOTHELIUM_LYMPHATIC_VS_BLOOD_DN	2.3768004052990092E-11
MSigDB:REACTOME_HYALURONAN_UPTAKE_AND_DEGRADATION	2.4291137883450722E-11
MSigDB:ROZANOV_MMP14_TARGETS_UP	2.4602130066950195E-11
MSigDB:GUENTHER_GROWTH_SPHERICAL_VS_ADHERENT_DN	2.530393864563386E-11
MSigDB:YAGUE_PRETUMOR_DRUG_RESISTANCE_DN	2.6455962307972467E-11
MSigDB:RODWELL_AGING_KIDNEY_UP	2.7169303702394074E-11
MSigDB:LEE_BMP2_TARGETS_UP	2.736087471427041E-11
MSigDB:PEDERSEN_TARGETS_OF_611CTF_ISOFORM_OF_ERBB2	2.8264009600272697E-11
MSigDB:LE_SKI_TARGETS_UP	2.8434271156256785E-11
MSigDB:LI_WILMS_TUMOR_VS_FETAL_KIDNEY_2_DN	2.9211339960461335E-11
MSigDB:JECHLINGER_EPITHELIAL_TO_MESENCHYMAL_TRANSITION_UP	3.019132615301921E-11
MSigDB:ROSS_AML_WITH_PML_RARA_FUSION	3.025792206785964E-11
MSigDB:KEGG_GLYCOSPHINGOLIPID_BIOSYNTHESIS_LACTO_AND_NEOLACTO_SERIES	3.170395539992865E-11
MSigDB:WP_METABOLISM_OF_SPHINGOLIPIDS_IN_ER_AND_GOLGI_APPARATUS	3.351631574803279E-11
MSigDB:TSUNODA_CISPLATIN_RESISTANCE_DN	3.57559059371185E-11
MSigDB:INGRAM_SHH_TARGETS_DN	3.7518909412604546E-11
MSigDB:LY_AGING_MIDDLE_UP	3.857629058394468E-11
MSigDB:CHIARADONNA_NEOPLASTIC_TRANSFORMATION_CDC25_UP	3.8659207173572465E-11
MSigDB:BIOCARTA_AMAN_PATHWAY	4.06820853927667E-11
MSigDB:URS_ADIPOCYTE_DIFFERENTIATION_DN	5.2150657993139016E-11
MSigDB:MANALO_HYPOXIA_UP	5.594406875291842E-11
MSigDB:ZHU_SKIL_TARGETS_UP	5.638644389728544E-11
MSigDB:PICCALUGA_ANGIOIMMUNOBLASTIC_LYMPHOMA_UP	5.703965367487536E-11
MSigDB:RODWELL_AGING_KIDNEY_NO_BLOOD_UP	6.84529541351656E-11
MSigDB:KONDO_EZH2_TARGETS	6.92324530611436E-11
MSigDB:REACTOME_DEGRADATION_OF_THE_EXTRACELLULAR_MATRIX	7.265091196977775E-11
MSigDB:CHIBA_RESPONSE_TO_TSA_UP	7.550266280114973E-11
MSigDB:WANG_SMARCE1_TARGETS_UP	8.342741429792299E-11
MSigDB:NABA_ECM_GLYCOPROTEINS	8.650002352927783E-11
MSigDB:VECCHI_GASTRIC_CANCER_ADVANCED_VS_EARLY_UP	8.854543604552448E-11
MSigDB:KORKOLA_YOLK_SAC_TUMOR	9.40565696603272E-11
MSigDB:NAKAMURA_METASTASIS_MODEL_DN	9.474546720518221E-11
MSigDB:WONG_ENDMETRIUM_CANCER_DN	9.580753657265375E-11
MSigDB:REACTOME_SIALIC_ACID_METABOLISM	1.0052382256578941E-10
MSigDB:CHIANG_LIVER_CANCER_SUBCLASS_CTNNB1_DN	1.0559099064955318E-10
MSigDB:LIU_OVARIAN_CANCER_TUMORS_AND_XENOGRAFTS_XDGS_DN	1.0726872424334487E-10
MSigDB:ANASTASSIOU_MULTICANCER_INVASIVENESS_SIGNATURE	1.0816718309095586E-10
MSigDB:FOROUTAN_TGFB_EMT_UP	1.196697270012661E-10
MSigDB:NADLER_OBESITY_UP	1.3291285256274834E-10
MSigDB:BANG_VERTEPORFIN_ENDOMETRIAL_CANCER_CELLS_UP	1.3370539572496304E-10
MSigDB:REACTOME_HYALURONAN_METABOLISM	1.346161164492826E-10
MSigDB:HASINA_NOL7_TARGETS_DN	1.3951102027223883E-10
MSigDB:VERHAAK_GLIOBLASTOMA_MESENCHYMAL	1.4217137538247917E-10
MSigDB:FOROUTAN_INTEGRATED_TGFB_EMT_UP	1.4445378278468612E-10
MSigDB:REACTOME_BLOOD_GROUP_SYSTEMS_BIOSYNTHESIS	1.509961515806759E-10
MSigDB:PLASARI_TGFB1_TARGETS_10HR_UP	1.6426871567534983E-10
MSigDB:WP_LACTO_SERIES_SPHINGOLIPID_METABOLISM	1.6658805147702628E-10
MSigDB:TURASHVILI_BREAST_LOBULAR_CARCINOMA_VS_DUCTAL_NORMAL_UP	2.1561568326265484E-10
MSigDB:LEE_NEURAL_CREST_STEM_CELL_UP	2.160310636192262E-10
MSigDB:PARENT_MTOR_SIGNALING_DN	2.264967698925539E-10
MSigDB:WU_SILENCED_BY_METHYLATION_IN_BLADDER_CANCER	2.350782004742485E-10
MSigDB:NOUSHMEHR_GBM_SILENCED_BY_METHYLATION	2.4311838774387485E-10
MSigDB:CROMER_TUMORIGENESIS_UP	2.4486833456327007E-10
MSigDB:PID_UPA_UPAR_PATHWAY	2.484946136309141E-10
MSigDB:IGLESIAS_E2F_TARGETS_UP	2.774797584444306E-10
MSigDB:REACTOME_DEFECTIVE_ST3GAL3_CAUSES_MCT12_AND_EIEE15	3.0458759220181954E-10
MSigDB:CHIARADONNA_NEOPLASTIC_TRANSFORMATION_CDC25_DN	3.260308532289505E-10
MSigDB:REACTOME_NON_INTEGRIN_MEMBRANE_ECM_INTERACTIONS	3.2717579660638996E-10
MSigDB:WOO_LIVER_CANCER_RECURRENCE_UP	3.4100491642971074E-10
MSigDB:MURAKAMI_UV_RESPONSE_1HR_DN	3.5306219694973933E-10
MSigDB:LANDIS_BREAST_CANCER_PROGRESSION_DN	3.5796428201097E-10
MSigDB:SASAI_RESISTANCE_TO_NEOPLASTIC_TRANSFROMATION	3.6051875499265727E-10
MSigDB:BURTON_ADIPOGENESIS_7	3.7741700902410735E-10
MSigDB:ZHONG_SECRETOME_OF_LUNG_CANCER_AND_MACROPHAGE	3.920318724143571E-10
MSigDB:CHICAS_RB1_TARGETS_CONFLUENT	4.20465941999784E-10
MSigDB:FOROUTAN_PRODRANK_TGFB_EMT_UP	4.253691260087831E-10
MSigDB:KANG_IMMORTALIZED_BY_TERT_DN	4.3575140358590297E-10
MSigDB:DACOSTA_ERCC3_ALLELE_XPCS_VS_TTD_DN	4.67679790396539E-10
MSigDB:WENG_POR_TARGETS_LIVER_DN	4.871792568511665E-10
MSigDB:KANG_AR_TARGETS_UP	5.324288157944635E-10
MSigDB:RODRIGUES_THYROID_CARCINOMA_DN	5.449777149837011E-10
MSigDB:DANG_REGULATED_BY_MYC_DN	5.615454373762598E-10
MSigDB:TURASHVILI_BREAST_DUCTAL_CARCINOMA_VS_DUCTAL_NORMAL_UP	5.701462933702109E-10
MSigDB:WP_GANGLIO_SERIES_SPHINGOLIPID_METABOLISM	6.064487540794321E-10
MSigDB:DORSEY_GAB2_TARGETS	6.210394575649003E-10
MSigDB:BURTON_ADIPOGENESIS_8	6.416714845626847E-10
MSigDB:BEGUM_TARGETS_OF_PAX3_FOXO1_FUSION_DN	6.630797031517706E-10
MSigDB:AMIT_SERUM_RESPONSE_240_MCF10A	7.07593918976175E-10
MSigDB:PID_INTEGRIN5_PATHWAY	7.780871704392528E-10
MSigDB:WILCOX_RESPONSE_TO_PROGESTERONE_DN	7.883111202461337E-10
MSigDB:REACTOME_DEFECTIVE_CHST6_CAUSES_MCDC1	8.11126674158202E-10
MSigDB:VERRECCHIA_RESPONSE_TO_TGFB1_C2	9.236712898502006E-10
MSigDB:REACTOME_MOLECULES_ASSOCIATED_WITH_ELASTIC_FIBRES	9.853865433432915E-10
MSigDB:STEGER_ADIPOGENESIS_DN	1.0832576591002373E-9
MSigDB:REACTOME_O_LINKED_GLYCOSYLATION	1.1201322125133584E-9
MSigDB:LIM_MAMMARY_STEM_CELL_UP	1.175996483203302E-9
MSigDB:RAMALHO_STEMNESS_DN	1.2909328048924582E-9
MSigDB:REACTOME_INTEGRIN_CELL_SURFACE_INTERACTIONS	1.3025136021243E-9
MSigDB:GOZGIT_ESR1_TARGETS_DN	1.326775758428759E-9
MSigDB:APPEL_IMATINIB_RESPONSE	1.334450905282326E-9
MSigDB:NAGASHIMA_NRG1_SIGNALING_DN	1.4352671065623363E-9
MSigDB:MEBARKI_HCC_PROGENITOR_WNT_UP_CTNNB1_DEPENDENT_BLOCKED_BY_FZD8CRD	1.4633120981014838E-9
MSigDB:NELSON_RESPONSE_TO_ANDROGEN_DN	1.4745088185608745E-9
MSigDB:MATZUK_POSTIMPLANTATION_AND_POSTPARTUM	1.4746554668864089E-9
MSigDB:LIU_SMARCA4_TARGETS	1.5430231646981095E-9
MSigDB:GRUETZMANN_PANCREATIC_CANCER_UP	1.5650213228489082E-9
MSigDB:LINDGREN_BLADDER_CANCER_CLUSTER_2B	1.678559858240843E-9
MSigDB:PARK_APL_PATHOGENESIS_DN	1.8573777859813826E-9
MSigDB:LANDIS_ERBB2_BREAST_TUMORS_324_DN	1.9030950545181323E-9
MSigDB:MIKKELSEN_MEF_LCP_WITH_H3K4ME3	2.179788782882687E-9
MSigDB:MCBRYAN_PUBERTAL_BREAST_4_5WK_UP	2.2129542019555356E-9
MSigDB:KHETCHOUMIAN_TRIM24_TARGETS_UP	2.294069562858131E-9
MSigDB:REACTOME_ELASTIC_FIBRE_FORMATION	2.301641673185098E-9
MSigDB:HOOI_ST7_TARGETS_DN	2.3955082897077118E-9
MSigDB:LIU_PROSTATE_CANCER_DN	2.4792301785136254E-9
MSigDB:WEST_ADRENOCORTICAL_TUMOR_MARKERS_DN	2.563131545531789E-9
MSigDB:ONDER_CDH1_SIGNALING_VIA_CTNNB1	2.633697575716597E-9
MSigDB:OZANNE_AP1_TARGETS_UP	2.8351669486734952E-9
MSigDB:GALIE_TUMOR_ANGIOGENESIS	3.224515104296525E-9
MSigDB:TARTE_PLASMA_CELL_VS_PLASMABLAST_UP	3.298214874813639E-9
MSigDB:NABA_ECM_AFFILIATED	3.359042761985867E-9
MSigDB:FRASOR_TAMOXIFEN_RESPONSE_UP	3.5297016247642527E-9
MSigDB:WONG_ADULT_TISSUE_STEM_MODULE	3.562444084315706E-9
MSigDB:TURASHVILI_BREAST_LOBULAR_CARCINOMA_VS_LOBULAR_NORMAL_DN	3.5993254689218202E-9
MSigDB:LU_TUMOR_VASCULATURE_UP	3.599963401846875E-9
MSigDB:WU_CELL_MIGRATION	3.905811577629661E-9
MSigDB:DAVICIONI_TARGETS_OF_PAX_FOXO1_FUSIONS_UP	3.9224043005750156E-9
MSigDB:VERHAAK_AML_WITH_NPM1_MUTATED_DN	3.957950964351539E-9
MSigDB:XU_GH1_AUTOCRINE_TARGETS_DN	4.045140809576927E-9
MSigDB:REACTOME_MATURATION_OF_PROTEIN_3A	4.095888064384208E-9
MSigDB:PETRETTO_CARDIAC_HYPERTROPHY	4.2263500318812274E-9
MSigDB:ROSS_AML_WITH_MLL_FUSIONS	4.278522296835244E-9
MSigDB:TURASHVILI_BREAST_NORMAL_DUCTAL_VS_LOBULAR_DN	4.523822630480057E-9
MSigDB:NAKAYAMA_SOFT_TISSUE_TUMORS_PCA1_UP	4.672062981764462E-9
MSigDB:WP_INTERACTIONS_BETWEEN_LOXL4_AND_OXIDATIVE_STRESS_PATHWAY	4.7156940006833876E-9
MSigDB:YAO_TEMPORAL_RESPONSE_TO_PROGESTERONE_CLUSTER_16	4.721461325516185E-9
MSigDB:CLASPER_LYMPHATIC_VESSELS_DURING_METASTASIS_UP	4.993549095706535E-9
MSigDB:LY_AGING_OLD_UP	5.127015112837696E-9
MSigDB:WESTON_VEGFA_TARGETS_3HR	5.637619037646429E-9
MSigDB:CORRE_MULTIPLE_MYELOMA_DN	5.691610691227286E-9
MSigDB:CHEBOTAEV_GR_TARGETS_DN	5.721465039722153E-9
MSigDB:MURAKAMI_UV_RESPONSE_6HR_DN	5.987700617316428E-9
MSigDB:SENESE_HDAC1_AND_HDAC2_TARGETS_DN	6.137703940843102E-9
MSigDB:KEGG_GALACTOSE_METABOLISM	6.147149387965557E-9
MSigDB:GOTZMANN_EPITHELIAL_TO_MESENCHYMAL_TRANSITION_UP	6.204894654521327E-9
MSigDB:DAVICIONI_MOLECULAR_ARMS_VS_ERMS_DN	6.3650051135794E-9
MSigDB:KEGG_CELL_ADHESION_MOLECULES_CAMS	6.514100006170119E-9
MSigDB:MIKKELSEN_ES_ICP_WITH_H3K4ME3_AND_H3K27ME3	6.6807160712017285E-9
MSigDB:GOUYER_TATI_TARGETS_DN	7.1502376877698195E-9
MSigDB:MOROSETTI_FACIOSCAPULOHUMERAL_MUSCULAR_DISTROPHY_UP	7.257330180273398E-9
MSigDB:PASTURAL_RIZ1_TARGETS_UP	7.415881113047733E-9
MSigDB:MA_RAT_AGING_DN	7.530834934199346E-9
MSigDB:MARKEY_RB1_CHRONIC_LOF_DN	7.599056434678304E-9
MSigDB:YAMAZAKI_TCEB3_TARGETS_UP	7.72116532473031E-9
MSigDB:WP_SULFATION_BIOTRANSFORMATION_REACTION	8.176086768043675E-9
MSigDB:KIM_MYCN_AMPLIFICATION_TARGETS_DN	8.678372344826657E-9
MSigDB:BURTON_ADIPOGENESIS_PEAK_AT_8HR	8.847504792204506E-9
MSigDB:PID_SYNDECAN_1_PATHWAY	9.183771972565433E-9
MSigDB:WAGNER_APO2_SENSITIVITY	9.62331001344419E-9
MSigDB:KEGG_ECM_RECEPTOR_INTERACTION	9.640889257307817E-9
MSigDB:MISHRA_CARCINOMA_ASSOCIATED_FIBROBLAST_UP	1.0569918059428712E-8
MSigDB:AMIT_EGF_RESPONSE_480_HELA	1.0651768210797035E-8
MSigDB:BROWNE_HCMV_INFECTION_18HR_DN	1.0837282405559592E-8
MSigDB:SESTO_RESPONSE_TO_UV_C8	1.113991495570491E-8
MSigDB:LU_TUMOR_ENDOTHELIAL_MARKERS_UP	1.185524259991416E-8
MSigDB:GAUSSMANN_MLL_AF4_FUSION_TARGETS_D_DN	1.224975511575764E-8
MSigDB:SWEET_LUNG_CANCER_KRAS_UP	1.2852167886510117E-8
MSigDB:WEST_ADRENOCORTICAL_TUMOR_DN	1.3212974739886087E-8
MSigDB:KEGG_N_GLYCAN_BIOSYNTHESIS	1.3608063984610999E-8
MSigDB:SEAVEY_EPITHELIOID_HEMANGIOENDOTHELIOMA	1.3852771923492118E-8
MSigDB:WEINMANN_ADAPTATION_TO_HYPOXIA_DN	1.4404450630672986E-8
MSigDB:BOQUEST_STEM_CELL_CULTURED_VS_FRESH_UP	1.4553640294590661E-8
MSigDB:PID_INTEGRIN_A9B1_PATHWAY	1.496772778472408E-8
MSigDB:MIKKELSEN_MCV6_ICP_WITH_H3K27ME3	1.5692228182655206E-8
MSigDB:BROWNE_HCMV_INFECTION_48HR_DN	1.651169474629243E-8
MSigDB:INGRAM_SHH_TARGETS_UP	1.6691823634758862E-8
MSigDB:REACTOME_FIBRONECTIN_MATRIX_FORMATION	1.740118922499284E-8
MSigDB:MEISSNER_BRAIN_HCP_WITH_H3K4ME2_AND_H3K27ME3	1.749506746360763E-8
MSigDB:SMID_BREAST_CANCER_RELAPSE_IN_LUNG_DN	1.886913898252497E-8
MSigDB:ONDER_CDH1_TARGETS_2_DN	1.9219166960989102E-8
MSigDB:LEIN_ASTROCYTE_MARKERS	1.9868354129534922E-8
MSigDB:SABATES_COLORECTAL_ADENOMA_DN	2.0691555814708266E-8
MSigDB:ZHAN_MULTIPLE_MYELOMA_HP_DN	2.082892558260903E-8
MSigDB:THUM_MIR21_TARGETS_HEART_DISEASE_UP	2.083793099899355E-8
MSigDB:BROWNE_HCMV_INFECTION_16HR_DN	2.1211629437158822E-8
MSigDB:SMID_BREAST_CANCER_BASAL_DN	2.1221979210579415E-8
MSigDB:BERENJENO_TRANSFORMED_BY_RHOA_DN	2.214330999095783E-8
MSigDB:VERRECCHIA_RESPONSE_TO_TGFB1_C4	2.2167680359855384E-8
MSigDB:PHONG_TNF_RESPONSE_VIA_P38_PARTIAL	2.3038495696146544E-8
MSigDB:NADERI_BREAST_CANCER_PROGNOSIS_DN	2.3430730775237895E-8
MSigDB:BILD_HRAS_ONCOGENIC_SIGNATURE	2.404211854418134E-8
MSigDB:BIOCARTA_LYMPHOCYTE_PATHWAY	2.470976499093964E-8
MSigDB:HOLLERN_SOLID_NODULAR_BREAST_TUMOR_DN	2.4716762733777508E-8
MSigDB:MAINA_VHL_TARGETS_DN	2.4809377952937617E-8
MSigDB:RUIZ_TNC_TARGETS_UP	2.6274471970851455E-8
MSigDB:LIEN_BREAST_CARCINOMA_METAPLASTIC_VS_DUCTAL_UP	2.7063811930881853E-8
MSigDB:ZHAN_V1_LATE_DIFFERENTIATION_GENES_UP	2.7382726598553695E-8
MSigDB:KEGG_GLYCOSPHINGOLIPID_BIOSYNTHESIS_GANGLIO_SERIES	2.7453756984773548E-8
MSigDB:DASU_IL6_SIGNALING_SCAR_DN	2.841910552484198E-8
MSigDB:ABRAHAM_ALPC_VS_MULTIPLE_MYELOMA_UP	2.9986229034006253E-8
MSigDB:KINSEY_TARGETS_OF_EWSR1_FLII_FUSION_DN	3.021353575433594E-8
MSigDB:ONGUSAHA_BRCA1_TARGETS_UP	3.0665813431433474E-8
MSigDB:KYNG_ENVIRONMENTAL_STRESS_RESPONSE_UP	3.42187815117665E-8
MSigDB:MCBRYAN_PUBERTAL_BREAST_3_4WK_UP	3.6380412174293736E-8
MSigDB:CROONQUIST_STROMAL_STIMULATION_UP	3.9053884302364136E-8
MSigDB:MURATA_VIRULENCE_OF_H_PILORI	4.072555752462815E-8
MSigDB:BROWNE_HCMV_INFECTION_24HR_DN	4.1034570358089913E-8
MSigDB:REACTOME_SIGNAL_TRANSDUCTION_BY_L1	4.1097744617854955E-8
MSigDB:ISHIDA_TARGETS_OF_SYT_SSX_FUSIONS	4.2775704359866167E-8
MSigDB:WP_BURN_WOUND_HEALING	4.388077193233682E-8
MSigDB:REACTOME_RESPONSE_TO_ELEVATED_PLATELET_CYTOSOLIC_CA2	4.401156774747959E-8
MSigDB:BARIS_THYROID_CANCER_DN	4.6322963357048874E-8
MSigDB:TAKEDA_TARGETS_OF_NUP98_HOXA9_FUSION_16D_DN	4.827746747043878E-8
MSigDB:FEVR_CTNNB1_TARGETS_UP	4.955030389926979E-8
MSigDB:WP_ENDOCHONDRAL_OSSIFICATION	4.973715917393462E-8
MSigDB:WP_ENDOCHONDRAL_OSSIFICATION_WITH_SKELETAL_DYSPLASIAS	4.973715917393462E-8
MSigDB:MIZUKAMI_HYPOXIA_UP	4.9776698301459005E-8
MSigDB:JEON_SMAD6_TARGETS_UP	5.072543626210445E-8
MSigDB:SCHAEFFER_PROSTATE_DEVELOPMENT_48HR_DN	5.1278090453344686E-8
MSigDB:PID_AVB3_INTEGRIN_PATHWAY	5.1610444828346546E-8
MSigDB:WANG_RESPONSE_TO_GSK3_INHIBITOR_SB216763_UP	5.163177233393591E-8
MSigDB:DELYS_THYROID_CANCER_DN	5.1671757946344476E-8
MSigDB:REACTOME_O_GLYCOSYLATION_OF_TSR_DOMAIN_CONTAINING_PROTEINS	5.3901488434312866E-8
MSigDB:GAUSSMANN_MLL_AF4_FUSION_TARGETS_F_UP	5.4621719661476196E-8
MSigDB:KANG_AR_TARGETS_DN	5.4623678972449764E-8
MSigDB:LIU_VAV3_PROSTATE_CARCINOGENESIS_UP	5.546206331458512E-8
MSigDB:WP_OSTEOBLAST_SIGNALING	6.059981388141983E-8
MSigDB:LIAO_HAVE_SOX4_BINDING_SITES	6.07527948016925E-8
MSigDB:PETROVA_PROX1_TARGETS_DN	6.291416527266151E-8
MSigDB:SAMOLS_TARGETS_OF_KHSV_MIRNAS_DN	6.427144164266705E-8
MSigDB:ZHU_CMV_ALL_DN	6.487432969472027E-8
MSigDB:DELACROIX_RAR_TARGETS_UP	6.487858895818894E-8
MSigDB:WP_FOCAL_ADHESION_PI3KAKTMTORSIGNALING_PATHWAY	6.719424753425253E-8
MSigDB:ALONSO_METASTASIS_EMT_UP	6.756406485391411E-8
MSigDB:WINTER_HYPOXIA_METAGENE	6.902416371911919E-8
MSigDB:MCCABE_HOXC6_TARGETS_DN	6.946755683676905E-8
MSigDB:WP_GLYCOSAMINOGLYCAN_DEGRADATION	7.36335401207013E-8
MSigDB:HAN_SATB1_TARGETS_DN	7.909322271910133E-8
MSigDB:NABA_MATRISOME_ASSOCIATED	8.472956142799651E-8
MSigDB:DANG_MYC_TARGETS_DN	8.578287787414263E-8
MSigDB:WANG_TARGETS_OF_MLL_CBP_FUSION_UP	8.71953524247535E-8
MSigDB:NUYTTEN_EZH2_TARGETS_UP	9.081017673474831E-8
MSigDB:ZHU_CMV_24_HR_DN	9.126177164945902E-8
MSigDB:LEE_LIVER_CANCER_HEPATOBLAST	9.272765822597658E-8
MSigDB:KEGG_GLYCOSAMINOGLYCAN_DEGRADATION	9.64572393096224E-8
MSigDB:MARTENS_TRETINOIN_RESPONSE_UP	9.657735052766409E-8
MSigDB:PID_INTEGRIN1_PATHWAY	9.698828364766833E-8
MSigDB:JOSEPH_RESPONSE_TO_SODIUM_BUTYRATE_DN	9.873020991594362E-8
MSigDB:WP_MIRNA_TARGETS_IN_ECM_AND_MEMBRANE_RECEPTORS	9.923183063678102E-8
MSigDB:THUM_SYSTOLIC_HEART_FAILURE_UP	9.933372666547201E-8
MSigDB:REACTOME_COLLAGEN_DEGRADATION	1.0025198107573379E-7
MSigDB:VETTER_TARGETS_OF_PRKCA_AND_ETS1_UP	1.0087729554369615E-7
MSigDB:MIZUKAMI_HYPOXIA_DN	1.0187815443847053E-7
MSigDB:REACTOME_NEUTROPHIL_DEGRANULATION	1.0672945042363807E-7
MSigDB:KATSANOU_ELAVL1_TARGETS_UP	1.0675777685290326E-7
MSigDB:BERENJENO_TRANSFORMED_BY_RHOA_FOREVER_UP	1.0732118020851032E-7
MSigDB:CARRILLOREIXACH_MRS3_VS_LOWER_RISK_HEPATOBLASTOMA_DN	1.0736442571997218E-7
MSigDB:PID_SYNDECAN_2_PATHWAY	1.0742830969001928E-7
MSigDB:SWEET_LUNG_CANCER_KRAS_DN	1.1045457210294239E-7
MSigDB:SWEET_KRAS_TARGETS_UP	1.1153946633878671E-7
MSigDB:BIOCARTA_MONOCYTE_PATHWAY	1.1442678677257892E-7
MSigDB:ISSAEVA_MLL2_TARGETS	1.1475775591952314E-7
MSigDB:SCHRAETS_MLL_TARGETS_UP	1.155711608650463E-7
MSigDB:WP_PLURIPOTENT_STEM_CELL_DIFFERENTIATION_PATHWAY	1.1774038643580605E-7
MSigDB:FARMER_BREAST_CANCER_CLUSTER_4	1.1875008482676092E-7
MSigDB:REACTOME_MET_INTERACTS_WITH_TNS_PROTEINS	1.2885775079285592E-7
MSigDB:AGARWAL_AKT_PATHWAY_TARGETS	1.302648355167966E-7
MSigDB:WANG_MLL_TARGETS	1.3213182010693771E-7
MSigDB:CARRILLOREIXACH_HEPATOBLASTOMA_VS_NORMAL_HYPOMETHYLATED_AND_UP	1.332109859068668E-7
MSigDB:RIGGI_EWING_SARCOMA_PROGENITOR_DN	1.3693733744370014E-7
MSigDB:WANG_METASTASIS_OF_BREAST_CANCER	1.373511282071205E-7
MSigDB:MIKKELSEN_DEDIFFERENTIATED_STATE_DN	1.373896820557675E-7
MSigDB:JINESH_BLEBBISHIELD_TRANSFORMED_STEM_CELL_SPHERES_UP	1.4202257981825782E-7
MSigDB:LEE_LIVER_CANCER_DENA_UP	1.4212168503264193E-7
MSigDB:MEBARKI_HCC_PROGENITOR_FZD8CRD_DN	1.461387782969973E-7
MSigDB:OSADA_ASCL1_TARGETS_DN	1.4743686869195016E-7
MSigDB:FLORIO_NEOCORTEX_BASAL_RADIAL_GLIA_UP	1.559078291319461E-7
MSigDB:HOWLIN_PUBERTAL_MAMMARY_GLAND	1.596477778486203E-7
MSigDB:TSAI_RESPONSE_TO_RADIATION_THERAPY	1.6594697984415163E-7
MSigDB:KATSANOU_ELAVL1_TARGETS_DN	1.7020238818231223E-7
MSigDB:AZARE_NEOPLASTIC_TRANSFORMATION_BY_STAT3_DN	1.711368979989365E-7
MSigDB:PILON_KLF1_TARGETS_UP	1.7154446158209853E-7
MSigDB:SAGIV_CD24_TARGETS_DN	1.7248875343551094E-7
MSigDB:ABBUD_LIF_SIGNALING_2_UP	1.730273746959797E-7
MSigDB:VART_KSHV_INFECTION_ANGIOGENIC_MARKERS_UP	1.7818969839846412E-7
MSigDB:SHETH_LIVER_CANCER_VS_TXNIP_LOSS_PAM3	1.8004500066257058E-7
MSigDB:GAUSSMANN_MLL_AF4_FUSION_TARGETS_A_DN	1.8111324893431365E-7
MSigDB:REACTOME_O_LINKED_GLYCOSYLATION_OF_MUCINS	1.8143797221492944E-7
MSigDB:REACTOME_NCAM1_INTERACTIONS	1.8669348466159737E-7
MSigDB:REACTOME_METABOLISM_OF_VITAMINS_AND_COFACTORS	1.9207322232842526E-7
MSigDB:GARGALOVIC_RESPONSE_TO_OXIDIZED_PHOSPHOLIPIDS_TAN_DN	1.9211291650011428E-7
MSigDB:SCHRAETS_MLL_TARGETS_DN	1.9247670418549052E-7
MSigDB:COLLER_MYC_TARGETS_DN	1.9259015783377476E-7
MSigDB:SMIRNOV_CIRCULATING_ENDOTHELIOCYTES_IN_CANCER_UP	1.936595748896367E-7
MSigDB:LINDGREN_BLADDER_CANCER_HIGH_RECURRENCE	1.9660513420191748E-7
MSigDB:GU_PDEF_TARGETS_UP	2.0303881764370745E-7
MSigDB:REACTOME_NCAM_SIGNALING_FOR_NEURITE_OUT_GROWTH	2.084174951416024E-7
MSigDB:REACTOME_FGFR2B_LIGAND_BINDING_AND_ACTIVATION	2.1387015668379287E-7
MSigDB:REACTOME_SYNTHESIS_OF_SUBSTRATES_IN_N_GLYCAN_BIOSYTHESIS	2.1665921715692207E-7
MSigDB:SANA_TNF_SIGNALING_DN	2.2103886179968076E-7
MSigDB:RUTELLA_RESPONSE_TO_HGF_VS_CSF2RB_AND_IL4_UP	2.2992166552651233E-7
MSigDB:WINZEN_DEGRADED_VIA_KHSRP	2.3310163157463832E-7
MSigDB:BERENJENO_TRANSFORMED_BY_RHOA_REVERSIBLY_DN	2.341574477101715E-7
MSigDB:LEE_LIVER_CANCER_CIPROFIBRATE_DN	2.3520811535504216E-7
MSigDB:KASLER_HDAC7_TARGETS_1_DN	2.4040231779682904E-7
MSigDB:BURTON_ADIPOGENESIS_PEAK_AT_0HR	2.458723578685946E-7
MSigDB:KAYO_AGING_MUSCLE_UP	2.5038797194328316E-7
MSigDB:MCBRYAN_PUBERTAL_TGFB1_TARGETS_UP	2.674470398305219E-7
MSigDB:SHI_SPARC_TARGETS_DN	2.9205825230400107E-7
MSigDB:REACTOME_REGULATION_OF_INSULIN_LIKE_GROWTH_FACTOR_IGF_TRANSPORT_AND_UPTAKE_BY_INSULIN_LIKE_GROWTH_FACTOR_BINDING_PROTEINS_IGFBPS	2.9255494799674804E-7
MSigDB:FRASOR_RESPONSE_TO_ESTRADIOL_DN	2.9385661121702514E-7
MSigDB:YAMASHITA_METHYLATED_IN_PROSTATE_CANCER	2.969157336641595E-7
MSigDB:REACTOME_MATURATION_OF_SARS_COV_2_SPIKE_PROTEIN	3.0737984567847737E-7
MSigDB:VART_KSHV_INFECTION_ANGIOGENIC_MARKERS_DN	3.2918990637150905E-7
MSigDB:MAHADEVAN_GIST_MORPHOLOGICAL_SWITCH	3.3172381830926543E-7
MSigDB:ZHAN_MULTIPLE_MYELOMA_DN	3.36447615381248E-7
MSigDB:SMITH_TERT_TARGETS_DN	3.444810383545786E-7
MSigDB:BEGUM_TARGETS_OF_PAX3_FOXO1_FUSION_AND_PAX3	3.5297512005938173E-7
MSigDB:KYNG_DNA_DAMAGE_DN	3.7257837745993323E-7
MSigDB:HOELZEL_NF1_TARGETS_UP	3.7580311499796166E-7
MSigDB:SPIELMAN_LYMPHOBLAST_EUROPEAN_VS_ASIAN_2FC_DN	3.762173618057073E-7
MSigDB:WP_SYNTHESIS_OF_CERAMIDES_AND_1DEOXYCERAMIDES	3.8308742352414933E-7
MSigDB:REACTOME_GLYCOSPHINGOLIPID_METABOLISM	3.9525839837683614E-7
MSigDB:CHIARADONNA_NEOPLASTIC_TRANSFORMATION_KRAS_CDC25_UP	3.97200539959312E-7
MSigDB:PASINI_SUZ12_TARGETS_DN	4.0457332170169724E-7
MSigDB:BIOCARTA_NEUTROPHIL_PATHWAY	4.077938400929035E-7
MSigDB:CREIGHTON_ENDOCRINE_THERAPY_RESISTANCE_3	4.136924763844047E-7
MSigDB:ZHAN_LATE_DIFFERENTIATION_GENES_UP	4.219844284377449E-7
MSigDB:LUND_SILENCED_BY_METHYLATION	4.265151146799719E-7
MSigDB:WP_MIR5093P_ALTERATION_OF_YAP1ECM_AXIS	4.3142682330736497E-7
MSigDB:LI_INDUCED_T_TO_NATURAL_KILLER_UP	4.485199590028277E-7
MSigDB:MIKKELSEN_NPC_HCP_WITH_H3K4ME3_AND_H3K27ME3	4.508893498877261E-7
MSigDB:SIMBULAN_UV_RESPONSE_IMMORTALIZED_DN	4.514861622608262E-7
MSigDB:WATANABE_RECTAL_CANCER_RADIOTHERAPY_RESPONSIVE_DN	4.55601250859758E-7
MSigDB:RIGGI_EWING_SARCOMA_PROGENITOR_UP	4.5990141289245024E-7
MSigDB:GOZGIT_ESR1_TARGETS_UP	4.6342529470522427E-7
MSigDB:DASU_IL6_SIGNALING_UP	4.76148306406297E-7
MSigDB:NAKAMURA_CANCER_MICROENVIRONMENT_UP	4.76620540040453E-7
MSigDB:JEPSEN_SMRT_TARGETS	4.831955682036093E-7
MSigDB:HUMMERICH_SKIN_CANCER_PROGRESSION_UP	4.859968294214067E-7
MSigDB:PID_GLYPICAN_1PATHWAY	5.352106289846597E-7
MSigDB:WP_PI3KAKT_SIGNALING_PATHWAY	5.393850811107412E-7
MSigDB:ZWANG_CLASS_1_TRANSIENTLY_INDUCED_BY_EGF	5.416614664203837E-7
MSigDB:REACTOME_ASSEMBLY_OF_COLLAGEN_FIBRILS_AND_OTHER_MULTIMERIC_STRUCTURES	5.705694670582354E-7
MSigDB:HALLMARK_KRAS_SIGNALING_UP	5.856755666282015E-7
MSigDB:REACTOME_SCAVENGING_BY_CLASS_A_RECEPTORS	5.934716889043176E-7
MSigDB:ROZANOV_MMP14_TARGETS_SUBSET	5.937457564888723E-7
MSigDB:REACTOME_FGFR1B_LIGAND_BINDING_AND_ACTIVATION	6.020538553024453E-7
MSigDB:VALK_AML_CLUSTER_9	6.24154000516588E-7
MSigDB:AZARE_NEOPLASTIC_TRANSFORMATION_BY_STAT3_UP	6.262172010380456E-7
MSigDB:XIE_LT_HSC_S1PR3_OE_UP	6.44921538115543E-7
MSigDB:LAMB_CCND1_TARGETS	6.760498274847463E-7
MSigDB:FRIDMAN_SENESCENCE_UP	6.82100347208211E-7
MSigDB:MULLIGHAN_MLL_SIGNATURE_2_DN	6.957142986877749E-7
MSigDB:LEE_AGING_CEREBELLUM_UP	6.99442470821157E-7
MSigDB:LI_WILMS_TUMOR_VS_FETAL_KIDNEY_2_UP	7.047797787409351E-7
MSigDB:BOQUEST_STEM_CELL_CULTURED_VS_FRESH_DN	7.725190933961273E-7
MSigDB:BERTUCCI_INVASIVE_CARCINOMA_DUCTAL_VS_LOBULAR_DN	7.819077487305783E-7
MSigDB:HARRIS_BRAIN_CANCER_PROGENITORS	7.972917166741723E-7
MSigDB:PID_LYMPH_ANGIOGENESIS_PATHWAY	8.009010986465953E-7
MSigDB:HALLMARK_COAGULATION	8.093627282043312E-7
MSigDB:VERRECCHIA_DELAYED_RESPONSE_TO_TGFB1	8.146682418563766E-7
MSigDB:NAKAMURA_ADIPOGENESIS_EARLY_DN	8.276709182398782E-7
MSigDB:REACTOME_VISUAL_PHOTOTRANSDUCTION	8.315539617991737E-7
MSigDB:MARTINEZ_TP53_TARGETS_UP	8.322028621593199E-7
MSigDB:KIM_WT1_TARGETS_UP	8.36047817152267E-7
MSigDB:KAAB_HEART_ATRIUM_VS_VENTRICLE_UP	8.402587590795468E-7
MSigDB:ELVIDGE_HIF1A_AND_HIF2A_TARGETS_DN	8.658517226083151E-7
MSigDB:GERY_CEBP_TARGETS	8.810393630443965E-7
MSigDB:BOYLAN_MULTIPLE_MYELOMA_C_D_DN	9.365995011253586E-7
MSigDB:BRUINS_UVC_RESPONSE_VIA_TP53_GROUP_A	9.459045724046245E-7
MSigDB:MATTHEWS_AP1_TARGETS	9.584477717268436E-7
MSigDB:GILDEA_METASTASIS	9.609287826306666E-7
MSigDB:ELVIDGE_HIF1A_TARGETS_DN	9.777347684418745E-7
MSigDB:REACTOME_FGFR1C_LIGAND_BINDING_AND_ACTIVATION	9.998314559994834E-7
MSigDB:ITO_PTTG1_TARGETS_UP	1.0055199309931498E-6
MSigDB:LEIN_CHOROID_PLEXUS_MARKERS	1.0060182266477645E-6
MSigDB:HOSHIDA_LIVER_CANCER_SURVIVAL_UP	1.0254929120276026E-6
MSigDB:MAHAJAN_RESPONSE_TO_IL1A_DN	1.0421480467672007E-6
MSigDB:SA_MMP_CYTOKINE_CONNECTION	1.0604338666307923E-6
MSigDB:REACTOME_MET_ACTIVATES_PTK2_SIGNALING	1.067199526081536E-6
MSigDB:CUI_TCF21_TARGETS_2_DN	1.0990204219588837E-6
MSigDB:CHANG_POU5F1_TARGETS_UP	1.0997566202191772E-6
MSigDB:CHARAFE_BREAST_CANCER_LUMINAL_VS_BASAL_DN	1.1024407526476465E-6
MSigDB:BAELDE_DIABETIC_NEPHROPATHY_DN	1.126641319405041E-6
MSigDB:SENESE_HDAC2_TARGETS_DN	1.1595617607557764E-6
MSigDB:SENESE_HDAC1_AND_HDAC2_TARGETS_UP	1.1757746968271265E-6
MSigDB:VALK_AML_CLUSTER_12	1.1789199186240186E-6
MSigDB:SIMBULAN_PARP1_TARGETS_UP	1.2042452098091043E-6
MSigDB:XU_HGF_SIGNALING_NOT_VIA_AKT1_6HR	1.227895245218344E-6
MSigDB:JIANG_TIP30_TARGETS_UP	1.2329570951537227E-6
MSigDB:REACTOME_MET_PROMOTES_CELL_MOTILITY	1.2536674015820679E-6
MSigDB:RUTELLA_RESPONSE_TO_HGF_UP	1.2897469503413013E-6
MSigDB:BROWN_MYELOID_CELL_DEVELOPMENT_UP	1.2904081302719482E-6
MSigDB:TSAI_DNAJB4_TARGETS_DN	1.307612264663837E-6
MSigDB:CHIARADONNA_NEOPLASTIC_TRANSFORMATION_KRAS_DN	1.3727625784294662E-6
MSigDB:MIKKELSEN_NPC_ICP_WITH_H3K4ME3	1.384199787605312E-6
MSigDB:AMIT_SERUM_RESPONSE_60_MCF10A	1.4235613119345397E-6
MSigDB:SENESE_HDAC1_TARGETS_DN	1.4323799161772203E-6
MSigDB:NAKAMURA_ADIPOGENESIS_LATE_DN	1.439385604350487E-6
MSigDB:MARTINEZ_RB1_AND_TP53_TARGETS_UP	1.4524491036580643E-6
MSigDB:BLANCO_MELO_HUMAN_PARAINFLUENZA_VIRUS_3_INFECTION_A594_CELLS_DN	1.4736390365025357E-6
MSigDB:HUPER_BREAST_BASAL_VS_LUMINAL_DN	1.473673550563318E-6
MSigDB:REACTOME_FGFR3_LIGAND_BINDING_AND_ACTIVATION	1.4933075386975733E-6
MSigDB:YAO_HOXA10_TARGETS_VIA_PROGESTERONE_UP	1.5430996851586132E-6
MSigDB:WP_GENES_CONTROLLING_NEPHROGENESIS	1.5672042114807347E-6
MSigDB:TSENG_ADIPOGENIC_POTENTIAL_DN	1.5778095432589267E-6
MSigDB:SCHOEN_NFKB_SIGNALING	1.581970030822764E-6
MSigDB:REACTOME_FGFR2_LIGAND_BINDING_AND_ACTIVATION	1.6011173995801959E-6
MSigDB:KIM_LIVER_CANCER_POOR_SURVIVAL_UP	1.6021424931144136E-6
MSigDB:HOELZEL_NF1_TARGETS_DN	1.6785836960554388E-6
MSigDB:REACTOME_COLLAGEN_FORMATION	1.693885834331004E-6
MSigDB:REACTOME_FGFR2C_LIGAND_BINDING_AND_ACTIVATION	1.696497225494975E-6
MSigDB:KEGG_GLYCOSAMINOGLYCAN_BIOSYNTHESIS_HEPARAN_SULFATE	1.712381256690212E-6
MSigDB:WP_DEGRADATION_PATHWAY_OF_SPHINGOLIPIDS_INCLUDING_DISEASES	1.7358455039473394E-6
MSigDB:LI_WILMS_TUMOR_VS_FETAL_KIDNEY_1_UP	1.7949989451295063E-6
MSigDB:WP_HIPPOMERLIN_SIGNALING_DYSREGULATION	1.8053015142943595E-6
MSigDB:NABA_ECM_REGULATORS	1.8264898559410247E-6
MSigDB:TAKADA_GASTRIC_CANCER_COPY_NUMBER_UP	1.8365321071752765E-6
MSigDB:ZHENG_GLIOBLASTOMA_PLASTICITY_DN	1.8450018502583299E-6
MSigDB:LUCAS_HNF4A_TARGETS_DN	1.8456791472714404E-6
MSigDB:HAEGERSTRAND_RESPONSE_TO_IMATINIB	1.8756045692866686E-6
MSigDB:REACTOME_FGFR1_LIGAND_BINDING_AND_ACTIVATION	1.8871907984476387E-6
MSigDB:KEGG_O_GLYCAN_BIOSYNTHESIS	1.8936108383425362E-6
MSigDB:REACTOME_FGFRL1_MODULATION_OF_FGFR1_SIGNALING	1.896916957210216E-6
MSigDB:TONKS_TARGETS_OF_RUNX1_RUNX1T1_FUSION_ERYTHROCYTE_UP	1.927861302132996E-6
MSigDB:MOREAUX_B_LYMPHOCYTE_MATURATION_BY_TACI_UP	1.9314224736172574E-6
MSigDB:CHEN_LVAD_SUPPORT_OF_FAILING_HEART_DN	1.9917056084051684E-6
MSigDB:ZHONG_SECRETOME_OF_LUNG_CANCER_AND_ENDOTHELIUM	2.026102342172855E-6
MSigDB:AMIT_EGF_RESPONSE_240_MCF10A	2.0337367286922906E-6
MSigDB:WP_LUNG_FIBROSIS	2.0343253372828176E-6
MSigDB:SMID_BREAST_CANCER_LUMINAL_B_DN	2.0501627752118947E-6
MSigDB:WP_MARKERS_OF_KIDNEY_CELL_LINEAGE	2.0651710554003157E-6
MSigDB:LIM_MAMMARY_LUMINAL_MATURE_DN	2.0667759215577687E-6
MSigDB:THEODOROU_MAMMARY_TUMORIGENESIS	2.2220963792849266E-6
MSigDB:DEMAGALHAES_AGING_UP	2.27400273317596E-6
MSigDB:RODRIGUES_NTN1_TARGETS_DN	2.2865534647768703E-6
MSigDB:YAO_TEMPORAL_RESPONSE_TO_PROGESTERONE_CLUSTER_6	2.329046789349349E-6
MSigDB:PID_FGF_PATHWAY	2.3418739856769144E-6
MSigDB:HAHTOLA_MYCOSIS_FUNGOIDES_SKIN_DN	2.3627489818189644E-6
MSigDB:TURASHVILI_BREAST_DUCTAL_CARCINOMA_VS_LOBULAR_NORMAL_UP	2.377686034213364E-6
MSigDB:PID_INTEGRIN2_PATHWAY	2.400506870007493E-6
MSigDB:WANG_METASTASIS_OF_BREAST_CANCER_ESR1_DN	2.401192458827121E-6
MSigDB:MARKEY_RB1_ACUTE_LOF_DN	2.4413546897359186E-6
MSigDB:KEGG_FOCAL_ADHESION	2.4577951628556668E-6
MSigDB:REACTOME_PHOSPHOLIPASE_C_MEDIATED_CASCADE_FGFR4	2.470552103716109E-6
MSigDB:FULCHER_INFLAMMATORY_RESPONSE_LECTIN_VS_LPS_UP	2.477726507371626E-6
MSigDB:MEISSNER_BRAIN_HCP_WITH_H3K4ME3_AND_H3K27ME3	2.529464897609406E-6
MSigDB:ZHOU_INFLAMMATORY_RESPONSE_FIMA_UP	2.5614628841026972E-6
MSigDB:MAHAJAN_RESPONSE_TO_IL1A_UP	2.5694561782852068E-6
MSigDB:CHARAFE_BREAST_CANCER_LUMINAL_VS_MESENCHYMAL_DN	2.5705840277351604E-6
MSigDB:HOFFMANN_PRE_BI_TO_LARGE_PRE_BII_LYMPHOCYTE_DN	2.651824802279377E-6
MSigDB:RUTELLA_RESPONSE_TO_CSF2RB_AND_IL4_UP	2.6616501289885876E-6
MSigDB:CAIRO_LIVER_DEVELOPMENT_UP	2.7108014070550886E-6
MSigDB:REACTOME_PLATELET_ADHESION_TO_EXPOSED_COLLAGEN	2.7280839960977723E-6
MSigDB:PID_SYNDECAN_3_PATHWAY	2.8926650305789384E-6
MSigDB:HADDAD_T_LYMPHOCYTE_AND_NK_PROGENITOR_DN	2.954515574006225E-6
MSigDB:REACTOME_GRB2_SOS_PROVIDES_LINKAGE_TO_MAPK_SIGNALING_FOR_INTEGRINS	2.9735843260502073E-6
MSigDB:IVANOVA_HEMATOPOIESIS_MATURE_CELL	3.08159171613171E-6
MSigDB:BLALOCK_ALZHEIMERS_DISEASE_INCIPIENT_UP	3.2728741895686288E-6
MSigDB:REACTOME_PHOSPHOLIPASE_C_MEDIATED_CASCADE_FGFR2	3.296011705181692E-6
MSigDB:PECE_MAMMARY_STEM_CELL_DN	3.3839090159965483E-6
MSigDB:ELVIDGE_HYPOXIA_UP	3.420595023855577E-6
MSigDB:WP_FOCAL_ADHESION	3.527573507743975E-6
MSigDB:CAIRO_HEPATOBLASTOMA_CLASSES_DN	3.5538204810617955E-6
MSigDB:REACTOME_P130CAS_LINKAGE_TO_MAPK_SIGNALING_FOR_INTEGRINS	3.6410915690102487E-6
MSigDB:REACTOME_BASIGIN_INTERACTIONS	3.764413917588368E-6
MSigDB:ZHOU_INFLAMMATORY_RESPONSE_LIVE_UP	3.911090448131243E-6
MSigDB:MCLACHLAN_DENTAL_CARIES_UP	4.024503851331629E-6
MSigDB:SANSOM_APC_TARGETS_DN	4.073346296923979E-6
MSigDB:HARRIS_HYPOXIA	4.173280149947491E-6
MSigDB:LENAOUR_DENDRITIC_CELL_MATURATION_DN	4.247705260737177E-6
MSigDB:LU_AGING_BRAIN_UP	4.3797079580348775E-6
MSigDB:PEDERSEN_METASTASIS_BY_ERBB2_ISOFORM_4	4.437868910793727E-6
MSigDB:XU_HGF_SIGNALING_NOT_VIA_AKT1_48HR_UP	4.481637795110742E-6
MSigDB:BIOCARTA_LYM_PATHWAY	4.502776596701726E-6
MSigDB:WP_NRP1TRIGGERED_SIGNALING_PATHWAYS_IN_PANCREATIC_CANCER	4.583417764068184E-6
MSigDB:KYNG_ENVIRONMENTAL_STRESS_RESPONSE_NOT_BY_4NQO_IN_WS	4.626111626844035E-6
MSigDB:BERENJENO_ROCK_SIGNALING_NOT_VIA_RHOA_DN	4.6279732954366715E-6
MSigDB:BLANCO_MELO_BRONCHIAL_EPITHELIAL_CELLS_INFLUENZA_A_INFECTION_UP	4.7187487027753164E-6
MSigDB:COLIN_PILOCYTIC_ASTROCYTOMA_VS_GLIOBLASTOMA_DN	4.8284635062155385E-6
MSigDB:YAO_TEMPORAL_RESPONSE_TO_PROGESTERONE_CLUSTER_0	4.905322116583397E-6
MSigDB:DOUGLAS_BMI1_TARGETS_UP	4.905446310365337E-6
MSigDB:WP_CCL18_SIGNALING_PATHWAY	4.908589725603056E-6
MSigDB:VALK_AML_CLUSTER_13	4.928360298586365E-6
MSigDB:REACTOME_PI_3K_CASCADE_FGFR2	5.070277276416434E-6
MSigDB:GAUSSMANN_MLL_AF4_FUSION_TARGETS_A_UP	5.077600296628234E-6
MSigDB:LA_MEN1_TARGETS	5.34184787210286E-6
MSigDB:STREICHER_LSM1_TARGETS_DN	5.413403793785988E-6
MSigDB:VECCHI_GASTRIC_CANCER_EARLY_DN	5.634404604033659E-6
MSigDB:ELVIDGE_HYPOXIA_BY_DMOG_UP	5.648932912098882E-6
MSigDB:LENAOUR_DENDRITIC_CELL_MATURATION_UP	5.918649724122737E-6
MSigDB:REACTOME_FGFR3B_LIGAND_BINDING_AND_ACTIVATION	5.969516657950565E-6
MSigDB:BIOCARTA_RECK_PATHWAY	5.980511360249108E-6
MSigDB:REACTOME_SPHINGOLIPID_METABOLISM	5.989357991307236E-6
MSigDB:PID_INTEGRIN_CS_PATHWAY	6.002481508126357E-6
MSigDB:ROPERO_HDAC2_TARGETS	6.01647740166481E-6
MSigDB:FOURNIER_ACINAR_DEVELOPMENT_EARLY_DN	6.11531428627128E-6
MSigDB:REACTOME_PI_3K_CASCADE_FGFR4	6.12241226735601E-6
MSigDB:MULLIGHAN_MLL_SIGNATURE_1_UP	6.18593939441126E-6
MSigDB:HALLMARK_APICAL_JUNCTION	6.214783259540692E-6
MSigDB:LIAN_NEUTROPHIL_GRANULE_CONSTITUENTS	6.26484177897185E-6
MSigDB:REACTOME_CHL1_INTERACTIONS	6.326000073413985E-6
MSigDB:VANLOO_SP3_TARGETS_DN	6.335806521055839E-6
MSigDB:TSUNODA_CISPLATIN_RESISTANCE_UP	6.338331125403244E-6
MSigDB:MIKKELSEN_IPS_ICP_WITH_H3K4ME3_AND_H327ME3	6.380337063817972E-6
MSigDB:HOFFMAN_CLOCK_TARGETS_DN	6.393144009340289E-6
MSigDB:PIONTEK_PKD1_TARGETS_UP	6.412708016404322E-6
MSigDB:WP_SARSCOV2_ALTERING_ANGIOGENESIS_VIA_NRP1	6.441558439173676E-6
MSigDB:VANHARANTA_UTERINE_FIBROID_UP	6.677437345510462E-6
MSigDB:REACTOME_PI_3K_CASCADE_FGFR1	6.71853599832746E-6
MSigDB:BLANCO_MELO_MERS_COV_INFECTION_MCR5_CELLS_DN	6.95772003201993E-6
MSigDB:REACTOME_PI_3K_CASCADE_FGFR3	7.060858486422853E-6
MSigDB:REACTOME_CYTOSOLIC_SULFONATION_OF_SMALL_MOLECULES	7.172339141033433E-6
MSigDB:ZHAN_MULTIPLE_MYELOMA_SPIKED	7.177084527221917E-6
MSigDB:LANDIS_ERBB2_BREAST_TUMORS_65_DN	7.426692296783872E-6
MSigDB:MIKKELSEN_IPS_LCP_WITH_H3K4ME3	7.449158847866347E-6
MSigDB:ONDER_CDH1_TARGETS_1_UP	7.623408158752215E-6
MSigDB:NAISHIRO_CTNNB1_TARGETS_WITH_LEF1_MOTIF	7.70938489663018E-6
MSigDB:PID_FRA_PATHWAY	8.316675889848007E-6
MSigDB:REACTOME_FRS_MEDIATED_FGFR2_SIGNALING	8.339489820263659E-6
MSigDB:REACTOME_DISEASES_ASSOCIATED_WITH_O_GLYCOSYLATION_OF_PROTEINS	8.441855121401717E-6
MSigDB:TONKS_TARGETS_OF_RUNX1_RUNX1T1_FUSION_HSC_DN	8.456946557372637E-6
MSigDB:PID_INTEGRIN_A4B1_PATHWAY	8.545570862704727E-6
MSigDB:BOQUEST_STEM_CELL_DN	8.622490365336254E-6
MSigDB:HOWLIN_CITED1_TARGETS_1_DN	8.91333844641381E-6
MSigDB:NABA_BASEMENT_MEMBRANES	9.01276420787267E-6
MSigDB:REACTOME_MUCOPOLYSACCHARIDOSES	9.044363065202023E-6
MSigDB:JOHANSSON_BRAIN_CANCER_EARLY_VS_LATE_DN	9.049585082042605E-6
MSigDB:IIZUKA_LIVER_CANCER_PROGRESSION_L0_L1_UP	9.177049524679778E-6
MSigDB:KEGG_REGULATION_OF_ACTIN_CYTOSKELETON	9.47089032336854E-6
MSigDB:WP_OLIGODENDROCYTE_SPECIFICATION_AND_DIFFERENTIATION_LEADING_TO_MYELIN_COMPONENTS_FOR_CNS	9.479870880382696E-6
MSigDB:HENDRICKS_SMARCA4_TARGETS_UP	9.604840363162858E-6
MSigDB:BURTON_ADIPOGENESIS_2	9.606091965735733E-6
MSigDB:NIKOLSKY_BREAST_CANCER_21Q22_AMPLICON	9.66499671833697E-6
MSigDB:RAGHAVACHARI_PLATELET_SPECIFIC_GENES	9.79862985930846E-6
MSigDB:REACTOME_PLATELET_AGGREGATION_PLUG_FORMATION	9.82480961348897E-6
MSigDB:REACTOME_CROSSLINKING_OF_COLLAGEN_FIBRILS	1.0128833523540687E-5
MSigDB:PEDRIOLI_MIR31_TARGETS_UP	1.0318710494579086E-5
MSigDB:WIEDERSCHAIN_TARGETS_OF_BMI1_AND_PCGF2	1.0339117491818355E-5
MSigDB:SHIPP_DLBCL_CURED_VS_FATAL_UP	1.071997954642564E-5
MSigDB:REACTOME_SHC_MEDIATED_CASCADE_FGFR4	1.074331667763622E-5
MSigDB:REACTOME_SHC_MEDIATED_CASCADE_FGFR1	1.0762457033680703E-5
MSigDB:RORIE_TARGETS_OF_EWSR1_FLI1_FUSION_UP	1.0966048831416835E-5
MSigDB:RADMACHER_AML_PROGNOSIS	1.0971067142788563E-5
MSigDB:MATZUK_EARLY_ANTRAL_FOLLICLE	1.1079455859538892E-5
MSigDB:COATES_MACROPHAGE_M1_VS_M2_DN	1.1429791009657669E-5
MSigDB:HERNANDEZ_MITOTIC_ARREST_BY_DOCETAXEL_2_DN	1.152632659304581E-5
MSigDB:HALLMARK_XENOBIOTIC_METABOLISM	1.1550645161889462E-5
MSigDB:BRUNO_HEMATOPOIESIS	1.165041807963149E-5
MSigDB:BASSO_HAIRY_CELL_LEUKEMIA_UP	1.1692273286114574E-5
MSigDB:DELACROIX_RARG_BOUND_MEF	1.1849733950489156E-5
MSigDB:SHARMA_PILOCYTIC_ASTROCYTOMA_LOCATION_UP	1.1882023138408438E-5
MSigDB:BAE_BRCA1_TARGETS_DN	1.1905538772280449E-5
MSigDB:REACTOME_FRS_MEDIATED_FGFR1_SIGNALING	1.2078967820702862E-5
MSigDB:REACTOME_SIGNALING_BY_PDGF	1.2229117952945604E-5
MSigDB:TSENG_IRS1_TARGETS_DN	1.2322524505591364E-5
MSigDB:BROWNE_HCMV_INFECTION_30MIN_UP	1.2402867748610967E-5
MSigDB:MIKKELSEN_MCV6_HCP_WITH_H3K27ME3	1.248431473860207E-5
MSigDB:REACTOME_SHC_MEDIATED_CASCADE_FGFR3	1.266490682305219E-5
MSigDB:SHETH_LIVER_CANCER_VS_TXNIP_LOSS_PAM4	1.2718744735549596E-5
MSigDB:WP_PLATELETMEDIATED_INTERACTIONS_WITH_VASCULAR_AND_CIRCULATING_CELLS	1.2785642131561676E-5
MSigDB:PLASARI_TGFB1_SIGNALING_VIA_NFIC_10HR_UP	1.2861668731484631E-5
MSigDB:REACTOME_FRS_MEDIATED_FGFR4_SIGNALING	1.2873076657070908E-5
MSigDB:DELASERNA_MYOD_TARGETS_DN	1.2995588925991697E-5
MSigDB:REACTOME_ACTIVATION_OF_MATRIX_METALLOPROTEINASES	1.30072555366075E-5
MSigDB:PID_AMB2_NEUTROPHILS_PATHWAY	1.3242297345158867E-5
MSigDB:GRADE_COLON_AND_RECTAL_CANCER_DN	1.3513603255004509E-5
MSigDB:PEDERSEN_METASTASIS_BY_ERBB2_ISOFORM_7	1.3745041409245658E-5
MSigDB:SESTO_RESPONSE_TO_UV_C7	1.3933525956500746E-5
MSigDB:REACTOME_CONSTITUTIVE_SIGNALING_BY_ABERRANT_PI3K_IN_CANCER	1.3977210885375232E-5
MSigDB:MCCOLLUM_GELDANAMYCIN_RESISTANCE_UP	1.400931408859683E-5
MSigDB:VALK_AML_WITH_T_8_21_TRANSLOCATION	1.41420268698072E-5
MSigDB:YOSHIMURA_MAPK8_TARGETS_UP	1.4204473127974173E-5
MSigDB:MEISSNER_NPC_HCP_WITH_H3_UNMETHYLATED	1.4214980794376672E-5
MSigDB:REACTOME_LAMININ_INTERACTIONS	1.4333101392232006E-5
MSigDB:CHIARADONNA_NEOPLASTIC_TRANSFORMATION_KRAS_CDC25_DN	1.4492442396577762E-5
MSigDB:REACTOME_FRS_MEDIATED_FGFR3_SIGNALING	1.4781185508392127E-5
MSigDB:WP_COMPLEMENT_SYSTEM	1.4921379723697095E-5
MSigDB:WP_MAMMARY_GLAND_DEVELOPMENT_PATHWAY_PUBERTY_STAGE_2_OF_4	1.5019241251710357E-5
MSigDB:GAJATE_RESPONSE_TO_TRABECTEDIN_UP	1.5424639804716463E-5
MSigDB:LIN_SILENCED_BY_TUMOR_MICROENVIRONMENT	1.5541549729823307E-5
MSigDB:CHIBA_RESPONSE_TO_TSA_DN	1.59409445311351E-5
MSigDB:REACTOME_DISEASES_ASSOCIATED_WITH_N_GLYCOSYLATION_OF_PROTEINS	1.6158419500596502E-5
MSigDB:PLASARI_TGFB1_TARGETS_1HR_DN	1.6217193108937946E-5
MSigDB:PASQUALUCCI_LYMPHOMA_BY_GC_STAGE_UP	1.636572942258133E-5
MSigDB:WP_INFLAMMATORY_RESPONSE_PATHWAY	1.6502193876122857E-5
MSigDB:GROSS_HYPOXIA_VIA_ELK3_AND_HIF1A_UP	1.6790130344352665E-5
MSigDB:SHEN_SMARCA2_TARGETS_DN	1.708996422910248E-5
MSigDB:WP_MALIGNANT_PLEURAL_MESOTHELIOMA	1.7092920714762032E-5
MSigDB:KEGG_OTHER_GLYCAN_DEGRADATION	1.720130985999934E-5
MSigDB:RUTELLA_RESPONSE_TO_CSF2RB_AND_IL4_DN	1.728116845468915E-5
MSigDB:MORI_MATURE_B_LYMPHOCYTE_UP	1.8004295797994116E-5
MSigDB:HUANG_GATA2_TARGETS_UP	1.8269382634087162E-5
MSigDB:YAGI_AML_WITH_11Q23_REARRANGED	1.841066073529633E-5
MSigDB:LEI_HOXC8_TARGETS_DN	1.8548169353516073E-5
MSigDB:MASSARWEH_TAMOXIFEN_RESISTANCE_UP	1.85490688894708E-5
MSigDB:AMIT_EGF_RESPONSE_240_HELA	1.8896514477256153E-5
MSigDB:WP_OVERVIEW_OF_NANOPARTICLE_EFFECTS	1.938152765661959E-5
MSigDB:WP_SARSCOV2_AND_COVID19_PATHWAY	1.9525522692908162E-5
MSigDB:YIH_RESPONSE_TO_ARSENITE_C5	1.970336875480931E-5
MSigDB:HUANG_DASATINIB_SENSITIVITY_UP	1.9724611647777355E-5
MSigDB:WP_MED_AND_PSEUDOACHONDROPLASIA_GENES	1.9742898374736698E-5
MSigDB:BENPORATH_SUZ12_TARGETS	2.0020193500573307E-5
MSigDB:WP_CARDIAC_PROGENITOR_DIFFERENTIATION	2.026127820955368E-5
MSigDB:WP_SPINAL_CORD_INJURY	2.1025887009439555E-5
MSigDB:MIYAGAWA_TARGETS_OF_EWSR1_ETS_FUSIONS_UP	2.1277917890237162E-5
MSigDB:PROVENZANI_METASTASIS_DN	2.1368193883388835E-5
MSigDB:KEGG_SPHINGOLIPID_METABOLISM	2.150001186884179E-5
MSigDB:LIU_SOX4_TARGETS_UP	2.1692777115865688E-5
MSigDB:GAVIN_FOXP3_TARGETS_CLUSTER_P7	2.2184589208921196E-5
MSigDB:MODY_HIPPOCAMPUS_NEONATAL	2.22509667486079E-5
MSigDB:REACTOME_DOWNSTREAM_SIGNALING_OF_ACTIVATED_FGFR2	2.2397431419323665E-5
MSigDB:BERTUCCI_MEDULLARY_VS_DUCTAL_BREAST_CANCER_DN	2.2535299308426517E-5
MSigDB:SAUL_SEN_MAYO	2.2974750378504308E-5
MSigDB:ZHAN_MULTIPLE_MYELOMA_CD2_UP	2.3069307332803865E-5
MSigDB:WP_MATRIX_METALLOPROTEINASES	2.40675466720316E-5
MSigDB:BOYAULT_LIVER_CANCER_SUBCLASS_G56_DN	2.4330661407732666E-5
MSigDB:LEE_NEURAL_CREST_STEM_CELL_DN	2.4801048031785904E-5
MSigDB:COATES_MACROPHAGE_M1_VS_M2_UP	2.51187621111199E-5
MSigDB:SABATES_COLORECTAL_ADENOMA_UP	2.5604190708485717E-5
MSigDB:HAMAI_APOPTOSIS_VIA_TRAIL_DN	2.5778849725062417E-5
MSigDB:HALLMARK_APICAL_SURFACE	2.605418054943845E-5
MSigDB:PEDERSEN_METASTASIS_BY_ERBB2_ISOFORM_1	2.6066739269487004E-5
MSigDB:HUPER_BREAST_BASAL_VS_LUMINAL_UP	2.678675703883575E-5
MSigDB:BIOCARTA_LAIR_PATHWAY	2.6833345196783354E-5
MSigDB:WP_CELLS_AND_MOLECULES_INVOLVED_IN_LOCAL_ACUTE_INFLAMMATORY_RESPONSE	2.6833345196783354E-5
MSigDB:OSAWA_TNF_TARGETS	2.698915951457746E-5
MSigDB:KYNG_DNA_DAMAGE_BY_4NQO	2.77148207580035E-5
MSigDB:REN_MIF_TARGETS_DN	2.8103339809026836E-5
MSigDB:KIM_RESPONSE_TO_TSA_AND_DECITABINE_UP	2.814080966319197E-5
MSigDB:KEGG_MELANOMA	2.86864954113265E-5
MSigDB:KEGG_STARCH_AND_SUCROSE_METABOLISM	2.9449863113090187E-5
MSigDB:SMID_BREAST_CANCER_RELAPSE_IN_BONE_DN	2.9535534852321162E-5
MSigDB:ZHENG_FOXP3_TARGETS_UP	2.963258831172837E-5
MSigDB:LEE_LIVER_CANCER_MYC_E2F1_UP	2.9780170824908417E-5
MSigDB:LEONARD_HYPOXIA	2.9904122871993156E-5
MSigDB:BENPORATH_ES_WITH_H3K27ME3	3.1242121220198284E-5
MSigDB:GAVIN_FOXP3_TARGETS_CLUSTER_T4	3.13647766281553E-5
MSigDB:PHONG_TNF_RESPONSE_NOT_VIA_P38	3.151998897412589E-5
MSigDB:LOPEZ_MESOTHELIOMA_SURVIVAL_DN	3.188367044188995E-5
MSigDB:TRAYNOR_RETT_SYNDROM_DN	3.216669522737433E-5
MSigDB:XU_HGF_TARGETS_INDUCED_BY_AKT1_48HR_UP	3.3239841988941424E-5
MSigDB:DEBIASI_APOPTOSIS_BY_REOVIRUS_INFECTION_DN	3.407760372285044E-5
MSigDB:REACTOME_DOWNSTREAM_SIGNALING_OF_ACTIVATED_FGFR1	3.4243778222800394E-5
MSigDB:IWANAGA_CARCINOGENESIS_BY_KRAS_UP	3.465565042661973E-5
MSigDB:LEE_EARLY_T_LYMPHOCYTE_DN	3.4769481743865847E-5
MSigDB:NUTT_GBM_VS_AO_GLIOMA_UP	3.495682905309854E-5
MSigDB:GU_PDEF_TARGETS_DN	3.511264474248183E-5
MSigDB:REACTOME_IMMUNOREGULATORY_INTERACTIONS_BETWEEN_A_LYMPHOID_AND_A_NON_LYMPHOID_CELL	3.515149508931152E-5
MSigDB:BRUINS_UVC_RESPONSE_VIA_TP53_GROUP_D	3.528786385333891E-5
MSigDB:MASRI_RESISTANCE_TO_TAMOXIFEN_AND_AROMATASE_INHIBITORS_DN	3.645652898221696E-5
MSigDB:GRAHAM_CML_QUIESCENT_VS_NORMAL_DIVIDING_DN	3.675523346734778E-5
MSigDB:WP_EBOLA_VIRUS_INFECTION_IN_HOST	3.6785605490792475E-5
MSigDB:LUCAS_HNF4A_TARGETS_UP	3.69698370458394E-5
MSigDB:HALLMARK_UV_RESPONSE_DN	3.731957171152266E-5
MSigDB:NABA_COLLAGENS	3.7452740935315353E-5
MSigDB:REACTOME_COLLAGEN_CHAIN_TRIMERIZATION	3.7452740935315353E-5
MSigDB:WP_ANGIOGENESIS	3.7600457687186916E-5
MSigDB:SATO_SILENCED_BY_METHYLATION_IN_PANCREATIC_CANCER_1	3.8028981160940786E-5
MSigDB:REACTOME_COLLAGEN_BIOSYNTHESIS_AND_MODIFYING_ENZYMES	3.8373083098103173E-5
MSigDB:LEE_METASTASIS_AND_ALTERNATIVE_SPLICING_UP	3.849871181816986E-5
MSigDB:KOYAMA_SEMA3B_TARGETS_UP	3.8632224966465526E-5
MSigDB:WOOD_EBV_EBNA1_TARGETS_UP	3.87065929885019E-5
MSigDB:GRAESSMANN_RESPONSE_TO_MC_AND_DOXORUBICIN_UP	3.91749751777554E-5
MSigDB:ELLWOOD_MYC_TARGETS_DN	3.9488919423143345E-5
MSigDB:SNIJDERS_AMPLIFIED_IN_HEAD_AND_NECK_TUMORS	3.9529900500136745E-5
MSigDB:TERAMOTO_OPN_TARGETS_CLUSTER_6	4.0541616709383915E-5
MSigDB:MISSIAGLIA_REGULATED_BY_METHYLATION_UP	4.095349826290447E-5
MSigDB:REACTOME_SIGNALING_BY_MET	4.098543340995433E-5
MSigDB:MCDOWELL_ACUTE_LUNG_INJURY_UP	4.104820307228236E-5
MSigDB:ROSS_AML_WITH_CBFB_MYH11_FUSION	4.1877096638520244E-5
MSigDB:REACTOME_BIOSYNTHESIS_OF_THE_N_GLYCAN_PRECURSOR_DOLICHOL_LIPID_LINKED_OLIGOSACCHARIDE_LLO_AND_TRANSFER_TO_A_NASCENT_PROTEIN	4.210628680756451E-5
MSigDB:DAUER_STAT3_TARGETS_UP	4.237727526092629E-5
MSigDB:ROSS_LEUKEMIA_WITH_MLL_FUSIONS	4.2778653589941306E-5
MSigDB:WP_CHRONIC_HYPERGLYCEMIA_IMPAIRMENT_OF_NEURON_FUNCTION	4.3777733861756836E-5
MSigDB:ZIRN_TRETINOIN_RESPONSE_UP	4.417753185995265E-5
MSigDB:KORKOLA_EMBRYONIC_CARCINOMA_VS_SEMINOMA_UP	4.465081950933253E-5
MSigDB:GENTILE_UV_LOW_DOSE_DN	4.487146020795069E-5
MSigDB:SCHAEFFER_PROSTATE_DEVELOPMENT_48HR_UP	4.511360324485395E-5
MSigDB:REACTOME_DOWNSTREAM_SIGNALING_OF_ACTIVATED_FGFR4	4.676164944668474E-5
MSigDB:VERRECCHIA_RESPONSE_TO_TGFB1_C5	4.6767260808306376E-5
MSigDB:NAKAYAMA_SOFT_TISSUE_TUMORS_PCA2_DN	4.7225238498523315E-5
MSigDB:REACTOME_SIGNALING_BY_TYPE_1_INSULIN_LIKE_GROWTH_FACTOR_1_RECEPTOR_IGF1R	4.7455766709787346E-5
MSigDB:KEGG_AMINO_SUGAR_AND_NUCLEOTIDE_SUGAR_METABOLISM	4.808753184799971E-5
MSigDB:REACTOME_INSULIN_RECEPTOR_SIGNALLING_CASCADE	4.8630780225820116E-5
MSigDB:MORI_LARGE_PRE_BII_LYMPHOCYTE_DN	4.9174163948872335E-5
MSigDB:ZHAN_MULTIPLE_MYELOMA_CD1_VS_CD2_DN	5.0239805822481345E-5
MSigDB:REACTOME_BINDING_AND_UPTAKE_OF_LIGANDS_BY_SCAVENGER_RECEPTORS	5.06366137474735E-5
MSigDB:CHEN_ETV5_TARGETS_SERTOLI	5.17354398848245E-5
MSigDB:VANDESLUIS_COMMD1_TARGETS_GROUP_3_DN	5.297423156077754E-5
MSigDB:BIOCARTA_PLATELETAPP_PATHWAY	5.387492838536335E-5
MSigDB:CAIRO_LIVER_DEVELOPMENT_DN	5.4122983766419314E-5
MSigDB:BASSO_CD40_SIGNALING_DN	5.412424441321713E-5
MSigDB:REACTOME_NEGATIVE_REGULATION_OF_FGFR2_SIGNALING	5.42937702869457E-5
MSigDB:WANG_BARRETTS_ESOPHAGUS_AND_ESOPHAGUS_CANCER_DN	5.461454376036133E-5
MSigDB:REACTOME_IRS_MEDIATED_SIGNALLING	5.4622391809091424E-5
MSigDB:MISHRA_CARCINOMA_ASSOCIATED_FIBROBLAST_DN	5.474962325867178E-5
MSigDB:MUELLER_METHYLATED_IN_GLIOBLASTOMA	5.5818427944591113E-5
MSigDB:VANTVEER_BREAST_CANCER_METASTASIS_UP	5.775107092671973E-5
MSigDB:ROZANOV_MMP14_TARGETS_DN	5.824691843186275E-5
MSigDB:REACTOME_DOWNSTREAM_SIGNALING_OF_ACTIVATED_FGFR3	5.8623188219713094E-5
MSigDB:GAUSSMANN_MLL_AF4_FUSION_TARGETS_E_UP	5.894594527574061E-5
MSigDB:SCHLESINGER_METHYLATED_DE_NOVO_IN_CANCER	6.01445793491174E-5
MSigDB:WP_PROTEOGLYCAN_BIOSYNTHESIS	6.0356898111936725E-5
MSigDB:GAUSSMANN_MLL_AF4_FUSION_TARGETS_G_UP	6.0781919191718894E-5
MSigDB:TORCHIA_TARGETS_OF_EWSR1_FLI1_FUSION_DN	6.136086109089524E-5
MSigDB:KEGG_HYPERTROPHIC_CARDIOMYOPATHY_HCM	6.148951425833886E-5
MSigDB:SMID_BREAST_CANCER_NORMAL_LIKE_UP	6.174621206626447E-5
MSigDB:REACTOME_ASPARAGINE_N_LINKED_GLYCOSYLATION	6.269374076579879E-5
MSigDB:RUAN_RESPONSE_TO_TNF_UP	6.275190948879932E-5
MSigDB:YAGI_AML_FAB_MARKERS	6.280081599120016E-5
MSigDB:REACTOME_INTEGRIN_SIGNALING	6.330972726207908E-5
MSigDB:PARK_OSTEOBLAST_DIFFERENTIATION_BY_PHENYLAMIL_UP	6.423303778287016E-5
MSigDB:REACTOME_N_GLYCAN_TRIMMING_AND_ELONGATION_IN_THE_CIS_GOLGI	6.442187406863363E-5
MSigDB:BREDEMEYER_RAG_SIGNALING_VIA_ATM_NOT_VIA_NFKB_DN	6.523815308934459E-5
MSigDB:WP_PRIMARY_FOCAL_SEGMENTAL_GLOMERULOSCLEROSIS_FSGS	6.540923145967042E-5
MSigDB:VALK_AML_CLUSTER_5	6.609320552491668E-5
MSigDB:REACTOME_INTERACTION_WITH_CUMULUS_CELLS_AND_THE_ZONA_PELLUCIDA	6.669883184215504E-5
MSigDB:POOLA_INVASIVE_BREAST_CANCER_DN	6.709776420389126E-5
MSigDB:DUTERTRE_ESTRADIOL_RESPONSE_24HR_DN	6.766842263787174E-5
MSigDB:SUZUKI_AMPLIFIED_IN_ORAL_CANCER	6.934239086605099E-5
MSigDB:REACTOME_NEGATIVE_REGULATION_OF_THE_PI3K_AKT_NETWORK	6.946228088165797E-5
MSigDB:REACTOME_MET_RECEPTOR_ACTIVATION	6.989719697460794E-5
MSigDB:REACTOME_HEMOSTASIS	7.035350149088671E-5
MSigDB:HALLMARK_IL2_STAT5_SIGNALING	7.102574899536762E-5
MSigDB:OUELLET_CULTURED_OVARIAN_CANCER_INVASIVE_VS_LMP_DN	7.133366572019445E-5
MSigDB:JI_RESPONSE_TO_FSH_DN	7.262965137513863E-5
MSigDB:LIM_MAMMARY_LUMINAL_PROGENITOR_DN	7.313442860301087E-5
MSigDB:REACTOME_DISEASES_OF_CARBOHYDRATE_METABOLISM	7.42742348225185E-5
MSigDB:BIOCARTA_BLYMPHOCYTE_PATHWAY	7.538084403079056E-5
MSigDB:KUMAR_TARGETS_OF_MLL_AF9_FUSION	7.756488021152538E-5
MSigDB:QI_PLASMACYTOMA_DN	7.784273138321924E-5
MSigDB:BOYLAN_MULTIPLE_MYELOMA_PCA1_UP	7.829418330404946E-5
MSigDB:WANG_HCP_PROSTATE_CANCER	7.848961335688687E-5
MSigDB:REACTOME_FGFR1_MUTANT_RECEPTOR_ACTIVATION	7.922614110383295E-5
MSigDB:LI_INDUCED_T_TO_NATURAL_KILLER_DN	7.97096946760383E-5
MSigDB:ALONSO_METASTASIS_NEURAL_UP	7.980712153681058E-5
MSigDB:JU_AGING_TERC_TARGETS_UP	7.994620422664335E-5
MSigDB:HALLMARK_ESTROGEN_RESPONSE_EARLY	8.005259097241549E-5
MSigDB:CHANDRAN_METASTASIS_DN	8.037600961041577E-5
MSigDB:HUMMERICH_MALIGNANT_SKIN_TUMOR_UP	8.116817813006099E-5
MSigDB:TAGHAVI_NEOPLASTIC_TRANSFORMATION	8.254003806856004E-5
MSigDB:KASLER_HDAC7_TARGETS_1_UP	8.360755651788705E-5
MSigDB:BIOCARTA_NPP1_PATHWAY	8.37117601258576E-5
MSigDB:ZHONG_SECRETOME_OF_LUNG_CANCER_AND_FIBROBLAST	8.685852431406123E-5
MSigDB:BAKER_HEMATOPOESIS_STAT1_TARGETS	8.69262487173073E-5
MSigDB:LEE_LIVER_CANCER_MYC_DN	8.8863900223112E-5
MSigDB:HENDRICKS_SMARCA4_TARGETS_DN	9.405287621497037E-5
MSigDB:VALK_AML_CLUSTER_11	9.455379689466769E-5
MSigDB:MEISSNER_NPC_HCP_WITH_H3K4ME2_AND_H3K27ME3	9.585259776869929E-5
MSigDB:KARLSSON_TGFB1_TARGETS_DN	9.629669559828271E-5
MSigDB:REACTOME_NEGATIVE_REGULATION_OF_FGFR1_SIGNALING	9.75092833540804E-5
MSigDB:WIERENGA_STAT5A_TARGETS_DN	9.795033415995847E-5
MSigDB:MULLIGHAN_MLL_SIGNATURE_1_DN	1.0046550676166523E-4
MSigDB:DUTERTRE_ESTRADIOL_RESPONSE_6HR_DN	1.0376382353073479E-4
MSigDB:QI_HYPOXIA_TARGETS_OF_HIF1A_AND_FOXA2	1.0395498274282993E-4
MSigDB:DURCHDEWALD_SKIN_CARCINOGENESIS_DN	1.0424695920075809E-4
MSigDB:WP_NEOVASCULARISATION_PROCESSES	1.046287846956443E-4
MSigDB:GEISS_RESPONSE_TO_DSRNA_UP	1.0516836804574932E-4
MSigDB:JECHLINGER_EPITHELIAL_TO_MESENCHYMAL_TRANSITION_DN	1.0546024473027974E-4
MSigDB:MOHANKUMAR_HOXA1_TARGETS_DN	1.0704276240797477E-4
MSigDB:HALMOS_CEBPA_TARGETS_DN	1.0730108950230633E-4
MSigDB:MARCHINI_TRABECTEDIN_RESISTANCE_DN	1.0898767400211016E-4
MSigDB:VERHAAK_AML_WITH_NPM1_MUTATED_UP	1.1011071333510666E-4
MSigDB:TAKEDA_TARGETS_OF_NUP98_HOXA9_FUSION_8D_DN	1.1038134950606188E-4
MSigDB:LE_SKI_TARGETS_DN	1.1042842057350523E-4
MSigDB:CASTELLANO_NRAS_TARGETS_DN	1.1061688966418585E-4
MSigDB:HIRSCH_CELLULAR_TRANSFORMATION_SIGNATURE_UP	1.1072810058602879E-4
MSigDB:HAN_JNK_SINGALING_DN	1.1176814465624104E-4
MSigDB:COWLING_MYCN_TARGETS	1.1185100177857108E-4
MSigDB:HESS_TARGETS_OF_HOXA9_AND_MEIS1_DN	1.118999758903251E-4
MSigDB:WP_LINOLEIC_ACID_METABOLISM_AFFECTED_BY_SARSCOV2	1.1258692168346998E-4
MSigDB:REACTOME_GP1B_IX_V_ACTIVATION_SIGNALLING	1.145554601164264E-4
MSigDB:GYORFFY_DOXORUBICIN_RESISTANCE	1.15222347108009E-4
MSigDB:REACTOME_PRE_NOTCH_PROCESSING_IN_GOLGI	1.1644773248188528E-4
MSigDB:GALIE_TUMOR_STEMNESS_GENES	1.1669148301327823E-4
MSigDB:HORIUCHI_WTAP_TARGETS_UP	1.170219955718272E-4
MSigDB:KYNG_DNA_DAMAGE_BY_4NQO_OR_GAMMA_RADIATION	1.1765272869907643E-4
MSigDB:PLASARI_TGFB1_SIGNALING_VIA_NFIC_10HR_DN	1.2004170699510767E-4
MSigDB:JAEGER_METASTASIS_UP	1.2095036865863843E-4
MSigDB:SESTO_RESPONSE_TO_UV_C6	1.2110340168030113E-4
MSigDB:CHIANG_LIVER_CANCER_SUBCLASS_CTNNB1_UP	1.2289189493526546E-4
MSigDB:LINDSTEDT_DENDRITIC_CELL_MATURATION_D	1.247120352721011E-4
MSigDB:IIZUKA_LIVER_CANCER_PROGRESSION_G2_G3_UP	1.254934031262448E-4
MSigDB:NABA_SECRETED_FACTORS	1.268838268433565E-4
MSigDB:TAVAZOIE_METASTASIS	1.2736189593093007E-4
MSigDB:BLANCO_MELO_RESPIRATORY_SYNCYTIAL_VIRUS_INFECTION_A594_CELLS_DN	1.2808445741191126E-4
MSigDB:FLECHNER_BIOPSY_KIDNEY_TRANSPLANT_REJECTED_VS_OK_UP	1.2819799726757918E-4
MSigDB:ABDELMOHSEN_ELAVL4_TARGETS	1.2858204572093309E-4
MSigDB:GRABARCZYK_BCL11B_TARGETS_UP	1.3085830751772523E-4
MSigDB:MIKKELSEN_MEF_ICP_WITH_H3K27ME3	1.3250174542256448E-4
MSigDB:MAHADEVAN_IMATINIB_RESISTANCE_DN	1.3256344388244177E-4
MSigDB:ACEVEDO_LIVER_CANCER_WITH_H3K9ME3_UP	1.334648661895331E-4
MSigDB:WP_ANGIOTENSIN_II_RECEPTOR_TYPE_1_PATHWAY	1.3349032964772434E-4
MSigDB:REACTOME_PI3K_AKT_SIGNALING_IN_CANCER	1.3400203254229339E-4
MSigDB:WEST_ADRENOCORTICAL_CARCINOMA_VS_ADENOMA_DN	1.3405107401799163E-4
MSigDB:BIOCARTA_GRANULOCYTES_PATHWAY	1.3589825419166134E-4
MSigDB:MANNE_COVID19_COMBINED_COHORT_VS_HEALTHY_DONOR_PLATELETS_DN	1.3610059426030248E-4
MSigDB:GAVIN_FOXP3_TARGETS_CLUSTER_P3	1.4006177441522474E-4
MSigDB:COULOUARN_TEMPORAL_TGFB1_SIGNATURE_DN	1.419671266320227E-4
MSigDB:CERVERA_SDHB_TARGETS_2	1.4271975447722196E-4
MSigDB:ZHOU_INFLAMMATORY_RESPONSE_LPS_UP	1.4281366796443012E-4
MSigDB:WP_EXTRACELLULAR_VESICLES_IN_THE_CROSSTALK_OF_CARDIAC_CELLS	1.4288094374325725E-4
MSigDB:HELLER_HDAC_TARGETS_SILENCED_BY_METHYLATION_UP	1.4339141294852817E-4
MSigDB:PEREZ_TP53_TARGETS	1.4342890740732438E-4
MSigDB:FURUKAWA_DUSP6_TARGETS_PCI35_UP	1.4423557478118675E-4
MSigDB:ZWANG_TRANSIENTLY_UP_BY_2ND_EGF_PULSE_ONLY	1.4754355024399951E-4
MSigDB:BREUHAHN_GROWTH_FACTOR_SIGNALING_IN_LIVER_CANCER	1.493566151039008E-4
MSigDB:MEISSNER_NPC_HCP_WITH_H3K4ME2	1.5097533895267376E-4
MSigDB:GAUSSMANN_MLL_AF4_FUSION_TARGETS_G_DN	1.5198650509549533E-4
MSigDB:PID_AVB3_OPN_PATHWAY	1.529038239896148E-4
MSigDB:MURAKAMI_UV_RESPONSE_24HR	1.5356648596096426E-4
MSigDB:PASTURAL_RIZ1_TARGETS_DN	1.5539462817651595E-4
MSigDB:STOSSI_RESPONSE_TO_ESTRADIOL	1.5638240859641676E-4
MSigDB:HINATA_NFKB_TARGETS_FIBROBLAST_UP	1.5746792823901647E-4
MSigDB:MIKKELSEN_IPS_ICP_WITH_H3K27ME3	1.5929021033095169E-4
MSigDB:SENESE_HDAC1_TARGETS_UP	1.6046245764086658E-4
MSigDB:WP_INTEGRINMEDIATED_CELL_ADHESION	1.6150713534730243E-4
MSigDB:HELLER_SILENCED_BY_METHYLATION_UP	1.645819657423203E-4
MSigDB:REACTOME_NEGATIVE_REGULATION_OF_FGFR4_SIGNALING	1.6508745517003145E-4
MSigDB:RODRIGUES_THYROID_CARCINOMA_POORLY_DIFFERENTIATED_DN	1.6563888530215037E-4
MSigDB:BOYAULT_LIVER_CANCER_SUBCLASS_G6_DN	1.6727772770779096E-4
MSigDB:BIOCARTA_FEEDER_PATHWAY	1.6817685559592638E-4
MSigDB:BROWNE_HCMV_INFECTION_20HR_DN	1.6866301444516294E-4
MSigDB:WANG_BARRETTS_ESOPHAGUS_UP	1.6930394732826427E-4
MSigDB:REACTOME_L1CAM_INTERACTIONS	1.6999153843447158E-4
MSigDB:GHO_ATF5_TARGETS_DN	1.7043518234141167E-4
MSigDB:BLANCO_MELO_BETA_INTERFERON_TREATED_BRONCHIAL_EPITHELIAL_CELLS_UP	1.7223988346752735E-4
MSigDB:FIGUEROA_AML_METHYLATION_CLUSTER_5_DN	1.7303653558848074E-4
MSigDB:REACTOME_SIGNALING_BY_FGFR1	1.73116932694519E-4
MSigDB:VALK_AML_WITH_11Q23_REARRANGED	1.7391255507887194E-4
MSigDB:KOKKINAKIS_METHIONINE_DEPRIVATION_96HR_UP	1.7447909287728397E-4
MSigDB:RICKMAN_HEAD_AND_NECK_CANCER_B	1.7463720903293582E-4
MSigDB:BIOCARTA_EDG1_PATHWAY	1.755200062568372E-4
MSigDB:MUELLER_COMMON_TARGETS_OF_AML_FUSIONS_DN	1.7630759819698693E-4
MSigDB:MCBRYAN_TERMINAL_END_BUD_UP	1.7768649673129957E-4
MSigDB:BAKKER_FOXO3_TARGETS_UP	1.788753279084681E-4
MSigDB:WP_SPHINGOLIPID_PATHWAY	1.7893980330688724E-4
MSigDB:CORRE_MULTIPLE_MYELOMA_UP	1.806596862520047E-4
MSigDB:HINATA_NFKB_TARGETS_KERATINOCYTE_UP	1.834175750925572E-4
MSigDB:LINDSTEDT_DENDRITIC_CELL_MATURATION_C	1.8861853751772934E-4
MSigDB:MARSON_FOXP3_TARGETS_UP	1.895638071878419E-4
MSigDB:MATZUK_SPERMATOZOA	1.9065774206102155E-4
MSigDB:DOANE_RESPONSE_TO_ANDROGEN_UP	1.906663203567475E-4
MSigDB:MORI_SMALL_PRE_BII_LYMPHOCYTE_UP	1.9072855725646638E-4
MSigDB:VETTER_TARGETS_OF_PRKCA_AND_ETS1_DN	1.9341173566244412E-4
MSigDB:RYAN_MANTLE_CELL_LYMPHOMA_NOTCH_DIRECT_UP	1.9484269306809955E-4
MSigDB:REACTOME_ANCHORING_FIBRIL_FORMATION	1.973868489109966E-4
MSigDB:MEBARKI_HCC_PROGENITOR_WNT_DN_CTNNB1_INDEPENDENT	2.004301912453307E-4
MSigDB:HEIDENBLAD_AMPLICON_8Q24_DN	2.045603898508554E-4
MSigDB:BAELDE_DIABETIC_NEPHROPATHY_UP	2.0467951391287245E-4
MSigDB:YAO_HOXA10_TARGETS_VIA_PROGESTERONE_DN	2.0491599744214983E-4
MSigDB:ZHAN_MULTIPLE_MYELOMA_MF_UP	2.0596897591483235E-4
MSigDB:PID_ARF6_TRAFFICKING_PATHWAY	2.0756960248556833E-4
MSigDB:CLIMENT_BREAST_CANCER_COPY_NUMBER_UP	2.108659024167471E-4
MSigDB:GRAHAM_CML_DIVIDING_VS_NORMAL_DIVIDING_DN	2.163589249251037E-4
MSigDB:CREIGHTON_ENDOCRINE_THERAPY_RESISTANCE_5	2.1736131811245335E-4
MSigDB:LEE_LIVER_CANCER_E2F1_UP	2.1971085779293455E-4
MSigDB:CHYLA_CBFA2T3_TARGETS_UP	2.201325460492567E-4
MSigDB:JOHNSTONE_PARVB_TARGETS_1_UP	2.204484725314219E-4
MSigDB:HUTTMANN_B_CLL_POOR_SURVIVAL_DN	2.241430008793793E-4
MSigDB:MCLACHLAN_DENTAL_CARIES_DN	2.3388868321815075E-4
MSigDB:REACTOME_NEGATIVE_REGULATION_OF_FGFR3_SIGNALING	2.3613596053159087E-4
MSigDB:MANNE_COVID19_NONICU_VS_HEALTHY_DONOR_PLATELETS_DN	2.3675481587149278E-4
MSigDB:BOYAULT_LIVER_CANCER_SUBCLASS_G2	2.372602788456503E-4
MSigDB:BLALOCK_ALZHEIMERS_DISEASE_UP	2.3878318163749103E-4
MSigDB:NOJIMA_SFRP2_TARGETS_DN	2.3984758738295942E-4
MSigDB:PID_A6B1_A6B4_INTEGRIN_PATHWAY	2.410624307308553E-4
MSigDB:KEGG_PATHWAYS_IN_CANCER	2.499092484436736E-4
MSigDB:WP_DEVELOPMENT_OF_URETERIC_COLLECTION_SYSTEM	2.525442883187014E-4
MSigDB:REACTOME_SIGNALING_BY_RECEPTOR_TYROSINE_KINASES	2.528502263016449E-4
MSigDB:KONDO_PROSTATE_CANCER_HCP_WITH_H3K27ME3	2.540693687520247E-4
MSigDB:PID_VEGF_VEGFR_PATHWAY	2.545218134368613E-4
MSigDB:SMID_BREAST_CANCER_RELAPSE_IN_LUNG_UP	2.5553401676952053E-4
MSigDB:VISALA_AGING_LYMPHOCYTE_DN	2.562894328571408E-4
MSigDB:HASINA_NOL7_TARGETS_UP	2.600474877948819E-4
MSigDB:WP_OSTEOPONTIN_SIGNALING	2.606488487056503E-4
MSigDB:ALFANO_MYC_TARGETS	2.622068837969818E-4
MSigDB:KEGG_DILATED_CARDIOMYOPATHY	2.6775687575712016E-4
MSigDB:MALIK_REPRESSED_BY_ESTROGEN	2.726717597630057E-4
MSigDB:WP_MAMMARY_GLAND_DEVELOPMENT_PATHWAY_EMBRYONIC_DEVELOPMENT_STAGE_1_OF_4	2.7326072463468705E-4
MSigDB:ICHIBA_GRAFT_VERSUS_HOST_DISEASE_35D_UP	2.733437064192662E-4
MSigDB:REACTOME_SIGNALING_BY_INSULIN_RECEPTOR	2.7476434149161183E-4
MSigDB:KONDO_HYPOXIA	2.751661902067866E-4
MSigDB:POS_HISTAMINE_RESPONSE_NETWORK	2.7592285474332517E-4
MSigDB:HOLLERN_MICROACINAR_BREAST_TUMOR_DN	2.8898083965867114E-4
MSigDB:KEGG_HEMATOPOIETIC_CELL_LINEAGE	2.928422871731572E-4
MSigDB:BURTON_ADIPOGENESIS_PEAK_AT_2HR	2.957642207260114E-4
MSigDB:AMIT_EGF_RESPONSE_20_MCF10A	3.0168858230954026E-4
MSigDB:IZADPANAH_STEM_CELL_ADIPOSE_VS_BONE_DN	3.0744509687358424E-4
MSigDB:MCDOWELL_ACUTE_LUNG_INJURY_DN	3.0951230285499023E-4
MSigDB:MARTINEZ_RB1_TARGETS_UP	3.0988135624865126E-4
MSigDB:REACTOME_SIGNALING_BY_FGFR1_IN_DISEASE	3.120336754162132E-4
MSigDB:ANDERSEN_CHOLANGIOCARCINOMA_CLASS2	3.1937883734409444E-4
MSigDB:WP_EMBRYONIC_STEM_CELL_PLURIPOTENCY_PATHWAYS	3.199599741877019E-4
MSigDB:REACTOME_PLATELET_ACTIVATION_SIGNALING_AND_AGGREGATION	3.210292530785833E-4
MSigDB:PHONG_TNF_TARGETS_UP	3.274001076786429E-4
MSigDB:LEE_LIVER_CANCER_ACOX1_UP	3.278998317800704E-4
MSigDB:OKUMURA_INFLAMMATORY_RESPONSE_LPS	3.2989974072545876E-4
MSigDB:WP_HYPOTHESIZED_PATHWAYS_IN_PATHOGENESIS_OF_CARDIOVASCULAR_DISEASE	3.3168706376167167E-4
MSigDB:ENK_UV_RESPONSE_EPIDERMIS_UP	3.3232392803608855E-4
MSigDB:NAKAMURA_TUMOR_ZONE_PERIPHERAL_VS_CENTRAL_DN	3.337203884370927E-4
MSigDB:ZWANG_CLASS_2_TRANSIENTLY_INDUCED_BY_EGF	3.351818335655527E-4
MSigDB:STEARMAN_TUMOR_FIELD_EFFECT_UP	3.3531638948888917E-4
MSigDB:BOYLAN_MULTIPLE_MYELOMA_D_DN	3.359271459466701E-4
MSigDB:TAKEDA_TARGETS_OF_NUP98_HOXA9_FUSION_10D_DN	3.371409960785032E-4
MSigDB:KIM_WT1_TARGETS_12HR_UP	3.394390136201402E-4
MSigDB:REACTOME_SPHINGOLIPID_DE_NOVO_BIOSYNTHESIS	3.429506492315607E-4
MSigDB:PEDRIOLI_MIR31_TARGETS_DN	3.4300647327455255E-4
MSigDB:IYENGAR_RESPONSE_TO_ADIPOCYTE_FACTORS	3.4938354623874904E-4
MSigDB:SENESE_HDAC3_TARGETS_UP	3.532929486931763E-4
MSigDB:HERNANDEZ_MITOTIC_ARREST_BY_DOCETAXEL_2_UP	3.534654729670301E-4
MSigDB:ODONNELL_TARGETS_OF_MYC_AND_TFRC_UP	3.547348508653068E-4
MSigDB:WP_PHASE_I_BIOTRANSFORMATIONS_NON_P450	3.5959757077092084E-4
MSigDB:WP_SPHINGOLIPID_METABOLISM_INTEGRATED_PATHWAY	3.629321324804833E-4
MSigDB:YAGI_AML_WITH_T_8_21_TRANSLOCATION	3.664887007486557E-4
MSigDB:JI_METASTASIS_REPRESSED_BY_STK11	3.7011512168264705E-4
MSigDB:HOFFMANN_SMALL_PRE_BII_TO_IMMATURE_B_LYMPHOCYTE_UP	3.7397102819320815E-4
MSigDB:WP_HAIR_FOLLICLE_DEVELOPMENT_ORGANOGENESIS_PART_2_OF_3	3.741146848387053E-4
MSigDB:MOOTHA_GLYCOGEN_METABOLISM	3.7632653454529785E-4
MSigDB:WP_SPHINGOLIPID_METABOLISM_OVERVIEW	3.8069513011063506E-4
MSigDB:KEGG_LYSOSOME	3.8261694166503746E-4
MSigDB:WP_REGULATION_OF_ACTIN_CYTOSKELETON	3.843009245464493E-4
MSigDB:OHGUCHI_LIVER_HNF4A_TARGETS_DN	3.843732173815187E-4
MSigDB:SMID_BREAST_CANCER_ERBB2_UP	3.882989005138295E-4
MSigDB:KONDO_PROSTATE_CANCER_WITH_H3K27ME3	3.9083258911041803E-4
MSigDB:BORCZUK_MALIGNANT_MESOTHELIOMA_DN	3.987198381425882E-4
MSigDB:VALK_AML_WITH_FLT3_ITD	4.072378847437873E-4
MSigDB:SCHLINGEMANN_SKIN_CARCINOGENESIS_TPA_DN	4.1337175320402313E-4
MSigDB:BLANCO_MELO_RESPIRATORY_SYNCYTIAL_VIRUS_INFECTION_A594_CELLS_UP	4.166654814425507E-4
MSigDB:BRUINS_UVC_RESPONSE_VIA_TP53_GROUP_C	4.1935890711867525E-4
MSigDB:NELSON_RESPONSE_TO_ANDROGEN_UP	4.2188314202530565E-4
MSigDB:WILSON_PROTEASES_AT_TUMOR_BONE_INTERFACE_UP	4.2391208492292923E-4
MSigDB:LEE_LIVER_CANCER_MYC_E2F1_DN	4.249845935451814E-4
MSigDB:CAIRO_HEPATOBLASTOMA_DN	4.259998524457802E-4
MSigDB:GRAHAM_CML_QUIESCENT_VS_NORMAL_QUIESCENT_DN	4.2942881666490387E-4
MSigDB:SILIGAN_TARGETS_OF_EWS_FLI1_FUSION_UP	4.318385628481097E-4
MSigDB:WP_DISORDERS_OF_GALACTOSE_METABOLISM	4.326237021606769E-4
MSigDB:HALLMARK_MYOGENESIS	4.3380045028291894E-4
MSigDB:SCHAEFFER_PROSTATE_DEVELOPMENT_6HR_UP	4.3694041346661763E-4
MSigDB:ABBUD_LIF_SIGNALING_1_UP	4.4052014424222625E-4
MSigDB:MEBARKI_HCC_PROGENITOR_WNT_DN	4.4144887478881007E-4
MSigDB:SEMENZA_HIF1_TARGETS	4.4631761917864537E-4
MSigDB:IWANAGA_CARCINOGENESIS_BY_KRAS_PTEN_DN	4.475771567034358E-4
MSigDB:PYEON_CANCER_HEAD_AND_NECK_VS_CERVICAL_DN	4.516923599708688E-4
MSigDB:RIGGINS_TAMOXIFEN_RESISTANCE_DN	4.5473156028537213E-4
MSigDB:WP_TYROBP_CAUSAL_NETWORK_IN_MICROGLIA	4.555223182816246E-4
MSigDB:MIKKELSEN_ES_ICP_WITH_H3K4ME3	4.5632660479081694E-4
MSigDB:PID_TCPTP_PATHWAY	4.5838068318852733E-4
MSigDB:ODONNELL_TFRC_TARGETS_UP	4.5843844080507276E-4
MSigDB:MARTIN_VIRAL_GPCR_SIGNALING_DN	4.5885347589735826E-4
MSigDB:FOSTER_KDM1A_TARGETS_UP	4.5896975593758585E-4
MSigDB:JAATINEN_HEMATOPOIETIC_STEM_CELL_DN	4.626531949226476E-4
MSigDB:REACTOME_INTERLEUKIN_4_AND_INTERLEUKIN_13_SIGNALING	4.745464245875378E-4
MSigDB:TORCHIA_TARGETS_OF_EWSR1_FLI1_FUSION_UP	4.7690163733549466E-4
MSigDB:REACTOME_OTHER_SEMAPHORIN_INTERACTIONS	4.835050852232512E-4
MSigDB:WINTER_HYPOXIA_UP	4.8431293857223386E-4
MSigDB:REACTOME_REGULATION_OF_TLR_BY_ENDOGENOUS_LIGAND	4.8577910794397417E-4
MSigDB:WP_IMMUNE_INFILTRATION_IN_PANCREATIC_CANCER	5.017034999546671E-4
MSigDB:HAN_SATB1_TARGETS_UP	5.037490271656915E-4
MSigDB:WP_EXTRACELLULAR_VESICLEMEDIATED_SIGNALING_IN_RECIPIENT_CELLS	5.038917365737324E-4
MSigDB:WP_VITAMIN_D_RECEPTOR_PATHWAY	5.086463667839391E-4
MSigDB:REACTOME_SIGNALING_BY_FGFR4	5.09355764105774E-4
MSigDB:REACTOME_RUNX3_REGULATES_IMMUNE_RESPONSE_AND_CELL_MIGRATION	5.123970645594517E-4
MSigDB:ZHAN_MULTIPLE_MYELOMA_CD1_DN	5.136825599470499E-4
MSigDB:YAO_TEMPORAL_RESPONSE_TO_PROGESTERONE_CLUSTER_5	5.166205994406859E-4
MSigDB:LIN_TUMOR_ESCAPE_FROM_IMMUNE_ATTACK	5.169390640674752E-4
MSigDB:LEE_AGING_CEREBELLUM_DN	5.191702292048465E-4
MSigDB:IGLESIAS_E2F_TARGETS_DN	5.2719940959639E-4
MSigDB:HALLMARK_TNFA_SIGNALING_VIA_NFKB	5.324731069178775E-4
MSigDB:REACTOME_SIGNALING_BY_FGFR2_IN_DISEASE	5.369306294943987E-4
MSigDB:WP_BLADDER_CANCER	5.402019040336412E-4
MSigDB:BLANCO_MELO_SARS_COV_1_INFECTION_MCR5_CELLS_DN	5.480997252250985E-4
MSigDB:TARTE_PLASMA_CELL_VS_B_LYMPHOCYTE_UP	5.673067310961428E-4
MSigDB:QI_HYPOXIA	5.751096570712852E-4
MSigDB:BLANCO_MELO_INFLUENZA_A_INFECTION_A594_CELLS_UP	5.790662789943167E-4
MSigDB:MCMURRAY_TP53_HRAS_COOPERATION_RESPONSE_UP	5.833450238153891E-4
MSigDB:BIOCARTA_ERYTH_PATHWAY	5.852555868994897E-4
MSigDB:RHEIN_ALL_GLUCOCORTICOID_THERAPY_UP	5.892511657245657E-4
MSigDB:HUTTMANN_B_CLL_POOR_SURVIVAL_UP	5.959632850217447E-4
MSigDB:IIZUKA_LIVER_CANCER_EARLY_RECURRENCE	5.971712589137302E-4
MSigDB:LEIN_CEREBELLUM_MARKERS	6.064070319703045E-4
MSigDB:TONKS_TARGETS_OF_RUNX1_RUNX1T1_FUSION_HSC_UP	6.119314488370968E-4
MSigDB:MULLIGHAN_MLL_SIGNATURE_2_UP	6.136975582892356E-4
MSigDB:EHRLICH_ICF_SYNDROM_DN	6.177444471977547E-4
MSigDB:WIERENGA_STAT5A_TARGETS_GROUP1	6.178339028517702E-4
MSigDB:REACTOME_SIGNALING_BY_FGFR3	6.200038960095297E-4
MSigDB:BILANGES_SERUM_SENSITIVE_VIA_TSC2	6.220770283549846E-4
MSigDB:HALLMARK_COMPLEMENT	6.23000015603492E-4
MSigDB:WANG_IMMORTALIZED_BY_HOXA9_AND_MEIS1_DN	6.231182297143928E-4
MSigDB:GRAHAM_CML_DIVIDING_VS_NORMAL_QUIESCENT_DN	6.277339401349867E-4
MSigDB:MIKKELSEN_MEF_HCP_WITH_H3K27ME3	6.284465471379293E-4
MSigDB:VILLANUEVA_LIVER_CANCER_KRT19_DN	6.335832052412248E-4
MSigDB:WALLACE_PROSTATE_CANCER_RACE_UP	6.369293914163185E-4
MSigDB:FORTSCHEGGER_PHF8_TARGETS_DN	6.374512022363009E-4
MSigDB:KEGG_BLADDER_CANCER	6.385542834524246E-4
MSigDB:GROSS_HYPOXIA_VIA_HIF1A_DN	6.38940798702142E-4
MSigDB:SEITZ_NEOPLASTIC_TRANSFORMATION_BY_8P_DELETION_DN	6.43029474716077E-4
MSigDB:CHEBOTAEV_GR_TARGETS_UP	6.432553634214773E-4
MSigDB:GAVIN_PDE3B_TARGETS	6.45378860623516E-4
MSigDB:MATTIOLI_MULTIPLE_MYELOMA_WITH_14Q32_TRANSLOCATIONS	6.462718242317737E-4
MSigDB:KAAB_FAILED_HEART_ATRIUM_UP	6.477310108357239E-4
MSigDB:GAUSSMANN_MLL_AF4_FUSION_TARGETS_F_DN	6.500563978264925E-4
MSigDB:ONKEN_UVEAL_MELANOMA_UP	6.533200600970301E-4
MSigDB:ZIRN_TRETINOIN_RESPONSE_WT1_UP	6.602506404163318E-4
MSigDB:BLANCO_MELO_COVID19_SARS_COV_2_INFECTION_A594_CELLS_UP	6.651104792758729E-4
MSigDB:SOGA_COLORECTAL_CANCER_MYC_DN	6.689321916772493E-4
MSigDB:WP_AMPLIFICATION_AND_EXPANSION_OF_ONCOGENIC_PATHWAYS_AS_METASTATIC_TRAITS	6.747453001916615E-4
MSigDB:TONKS_TARGETS_OF_RUNX1_RUNX1T1_FUSION_SUSTAINDED_IN_ERYTHROCYTE_UP	6.807376557620841E-4
MSigDB:HILLION_HMGA1B_TARGETS	6.815632666722233E-4
MSigDB:DE_YY1_TARGETS_DN	6.857296944242705E-4
MSigDB:HALLMARK_APOPTOSIS	6.904148799644365E-4
MSigDB:WACKER_HYPOXIA_TARGETS_OF_VHL	6.913697990596786E-4
MSigDB:KEGG_ARRHYTHMOGENIC_RIGHT_VENTRICULAR_CARDIOMYOPATHY_ARVC	6.934760069076287E-4
MSigDB:WP_ARRHYTHMOGENIC_RIGHT_VENTRICULAR_CARDIOMYOPATHY	6.934760069076287E-4
MSigDB:VANASSE_BCL2_TARGETS_DN	6.975261640143717E-4
MSigDB:MIKKELSEN_ES_LCP_WITH_H3K4ME3	7.035041816861977E-4
MSigDB:REACTOME_TRANSPORT_TO_THE_GOLGI_AND_SUBSEQUENT_MODIFICATION	7.044214024065407E-4
MSigDB:BENPORATH_PRC2_TARGETS	7.045617418171949E-4
MSigDB:REACTOME_OTHER_INTERLEUKIN_SIGNALING	7.053445387660085E-4
MSigDB:ZHAN_MULTIPLE_MYELOMA_LB_UP	7.095702022753584E-4
MSigDB:NOURUZI_NEPC_ASCL1_TARGETS	7.109361655791605E-4
MSigDB:WP_DISORDERS_OF_FRUCTOSE_METABOLISM	7.233619823673978E-4
MSigDB:GOLUB_ALL_VS_AML_DN	7.258508312028917E-4
MSigDB:HOSHIDA_LIVER_CANCER_SUBCLASS_S3	7.356332684585986E-4
MSigDB:ACEVEDO_LIVER_CANCER_WITH_H3K27ME3_UP	7.442750523450672E-4
MSigDB:WP_CELL_INTERACTIONS_OF_THE_PANCREATIC_CANCER_MICROENVIRONMENT	7.589140871618581E-4
MSigDB:RICKMAN_HEAD_AND_NECK_CANCER_E	7.61742521344903E-4
MSigDB:LEE_LIVER_CANCER_MYC_TGFA_UP	7.620139656561327E-4
MSigDB:WP_SPHINGOLIPID_METABOLISM_IN_SENESCENCE	7.663191298942175E-4
MSigDB:PID_ARF6_PATHWAY	7.700952793585176E-4
MSigDB:WANG_METHYLATED_IN_BREAST_CANCER	7.743238144055775E-4
MSigDB:PANGAS_TUMOR_SUPPRESSION_BY_SMAD1_AND_SMAD5_UP	7.755107943501789E-4
MSigDB:REACTOME_VEGF_LIGAND_RECEPTOR_INTERACTIONS	7.812556873991485E-4
MSigDB:FOSTER_TOLERANT_MACROPHAGE_DN	7.845750499468687E-4
MSigDB:LE_EGR2_TARGETS_DN	7.872167437209545E-4
MSigDB:HU_ANGIOGENESIS_UP	7.877564872535744E-4
MSigDB:WIERENGA_STAT5A_TARGETS_UP	7.932365860332452E-4
MSigDB:SMID_BREAST_CANCER_LUMINAL_A_UP	7.982007954105554E-4
MSigDB:CASORELLI_ACUTE_PROMYELOCYTIC_LEUKEMIA_UP	8.060319855825266E-4
MSigDB:ZHAN_EARLY_DIFFERENTIATION_GENES_UP	8.074814289798579E-4
MSigDB:CHEN_LIVER_METABOLISM_QTL_CIS	8.099581479244508E-4
MSigDB:GRYDER_PAX3FOXO1_ENHANCERS_KO_DOWN	8.13892141629818E-4
MSigDB:YAO_TEMPORAL_RESPONSE_TO_PROGESTERONE_CLUSTER_2	8.149585705109362E-4
MSigDB:KEGG_TYPE_I_DIABETES_MELLITUS	8.171308386946171E-4
MSigDB:KEGG_LEISHMANIA_INFECTION	8.217354441831819E-4
MSigDB:CHIN_BREAST_CANCER_COPY_NUMBER_UP	8.273384436778454E-4
MSigDB:BIOCARTA_ACE2_PATHWAY	8.27671456274856E-4
MSigDB:GOLDRATH_IMMUNE_MEMORY	8.293912334586162E-4
MSigDB:BOYLAN_MULTIPLE_MYELOMA_C_DN	8.315882333310687E-4
MSigDB:CERVERA_SDHB_TARGETS_1_UP	8.462086168110304E-4
MSigDB:RUTELLA_RESPONSE_TO_HGF_DN	8.617618645296144E-4
MSigDB:WOO_LIVER_CANCER_RECURRENCE_DN	8.647828233674257E-4
MSigDB:CHEN_NEUROBLASTOMA_COPY_NUMBER_GAINS	8.652474805842756E-4
MSigDB:KOKKINAKIS_METHIONINE_DEPRIVATION_48HR_UP	8.765401086310334E-4
MSigDB:PLASARI_TGFB1_TARGETS_10HR_DN	8.876382820277665E-4
MSigDB:KEGG_INTESTINAL_IMMUNE_NETWORK_FOR_IGA_PRODUCTION	8.956971560432575E-4
MSigDB:REACTOME_MAP2K_AND_MAPK_ACTIVATION	9.167259077938436E-4
MSigDB:REACTOME_TNFR1_MEDIATED_CERAMIDE_PRODUCTION	9.233993279516667E-4
MSigDB:WP_TYPE_I_COLLAGEN_SYNTHESIS_IN_THE_CONTEXT_OF_OSTEOGENESIS_IMPERFECTA	9.263121606290528E-4
MSigDB:DASU_IL6_SIGNALING_SCAR_UP	9.282507202737379E-4
MSigDB:HATADA_METHYLATED_IN_LUNG_CANCER_UP	9.36539075263277E-4
MSigDB:HELLER_HDAC_TARGETS_SILENCED_BY_METHYLATION_DN	9.446092127967173E-4
MSigDB:SIMBULAN_UV_RESPONSE_NORMAL_DN	9.456984537292726E-4
MSigDB:REACTOME_MET_ACTIVATES_PI3K_AKT_SIGNALING	9.458308264936809E-4
MSigDB:KEGG_GRAFT_VERSUS_HOST_DISEASE	9.54561245995169E-4
MSigDB:WP_CLEAR_CELL_RENAL_CELL_CARCINOMA_PATHWAYS	9.55593853027472E-4
MSigDB:ICHIBA_GRAFT_VERSUS_HOST_DISEASE_35D_DN	9.570661855356257E-4
MSigDB:BIOCARTA_THELPER_PATHWAY	9.621608884500594E-4
MSigDB:MARIADASON_REGULATED_BY_HISTONE_ACETYLATION_DN	9.681393487123704E-4
MSigDB:REACTOME_SIGNALING_BY_FGFR_IN_DISEASE	9.688174928285543E-4
MSigDB:WP_IL1_AND_MEGAKARYOCYTES_IN_OBESITY	9.702917029722612E-4
MSigDB:BACOLOD_RESISTANCE_TO_ALKYLATING_AGENTS_UP	9.805798401978482E-4
MSigDB:CUI_TCF21_TARGETS_2_UP	9.941958903737806E-4
